YEAR,PSP,SITE,LAYER,C_STOCKS,UTMX,UTMY,STAND_AGE,BASAL_AREA,DOM_HEIGHT,SPECIES_RICHNESS,SHANNON_INDEX,GAP_FRACTION,CANOPY_COVER,ELEVATION,SLOPE,ASPECT,CONDITION,LAYER_NUM,CON_NUM
2013,1,1,L,2.481934243,541295.8786,2280448.462,29,32.47145531,26.49,10,1.501843916,9.065643,90.934357,2081.139893,4.063799858,153.576004,Managed,1,1
2013,1,1,FH,17.21847455,541295.8786,2280448.462,29,32.47145531,26.49,10,1.501843916,9.065643,90.934357,2081.139893,4.063799858,153.576004,Managed,2,1
2013,1,2,L,2.112678253,541295.6542,2280497.82,29,21.27356523,22.84,9,1.974338585,9.065643,90.934357,2085,5.104199886,151.6560059,Managed,1,1
2013,1,2,FH,13.51161049,541295.6542,2280497.82,29,21.27356523,22.84,9,1.974338585,9.065643,90.934357,2085,5.104199886,151.6560059,Managed,2,1
2013,1,3,L,2.457286666,541334.7038,2280421.221,30,26.88309435,23.7,12,2.136042392,10.371567,89.628433,2079.23999,4.691500187,124.3570023,Managed,1,1
2013,1,3,FH,17.15499042,541334.7038,2280421.221,30,26.88309435,23.7,12,2.136042392,10.371567,89.628433,2079.23999,4.691500187,124.3570023,Managed,2,1
2013,1,4,L,1.908724993,541247.9859,2280434.179,29,24.95038741,23.32,8,1.884576878,11.178711,88.821289,2082.370117,4.873000145,139.2380066,Managed,1,1
2013,1,4,FH,17.66679955,541247.9859,2280434.179,29,24.95038741,23.32,8,1.884576878,11.178711,88.821289,2082.370117,4.873000145,139.2380066,Managed,2,1
2013,2,1,L,2.017289632,542296.9318,2280451.263,22,15.70079986,22.936,4,1.181764362,24.368355,75.631645,2016.709961,14.53429985,251.1900024,Managed,1,1
2013,2,1,FH,2.850254171,542296.9318,2280451.263,22,15.70079986,22.936,4,1.181764362,24.368355,75.631645,2016.709961,14.53429985,251.1900024,Managed,2,1
2013,2,2,L,1.600517452,542301.6097,2280497.313,21,36.06287221,22.97714286,3,0.63903186,24.368355,75.631645,2011.969971,12.0941,342.5559998,Managed,1,1
2013,2,2,FH,16.5539382,542301.6097,2280497.313,21,36.06287221,22.97714286,3,0.63903186,24.368355,75.631645,2011.969971,12.0941,342.5559998,Managed,2,1
2013,2,3,L,1.636801375,542338.3535,2280428.015,22,15.17895833,18,2,0.693147181,11.866776,88.133224,2020.329956,9.30850029,325.0289917,Managed,1,1
2013,2,3,FH,4.749934497,542338.3535,2280428.015,22,15.17895833,18,2,0.693147181,11.866776,88.133224,2020.329956,9.30850029,325.0289917,Managed,2,1
2013,2,4,L,1.849519887,542258.4255,2280433.57,25,25.10943454,22.12,5,0.847049069,73.717499,26.282501,2016.150024,10.63549995,290.0299988,Managed,1,1
2013,2,4,FH,12.62567811,542258.4255,2280433.57,25,25.10943454,22.12,5,0.847049069,73.717499,26.282501,2016.150024,10.63549995,290.0299988,Managed,2,1
2013,3,1,L,1.871749897,543295.194,2280445.815,17,19.98450347,18.85633333,3,0.459747279,13.396416,86.603584,2062.47998,0.69749999,209.0319977,Managed,1,1
2013,3,1,FH,7.174530886,543295.194,2280445.815,17,19.98450347,18.85633333,3,0.459747279,13.396416,86.603584,2062.47998,0.69749999,209.0319977,Managed,2,1
2013,3,2,L,1.54254945,543302.8827,2280494.972,17,22.03490679,18.52,3,0.431071102,13.396416,86.603584,2064.02002,0.958899975,263.3829956,Managed,1,1
2013,3,2,FH,7.27465956,543302.8827,2280494.972,17,22.03490679,18.52,3,0.431071102,13.396416,86.603584,2064.02002,0.958899975,263.3829956,Managed,2,1
2013,3,3,L,2.000837172,543332.7603,2280423.223,17,23.61264235,18.04363636,3,0.575729514,21.696152,78.303848,2065.100098,3.419699907,287.1319885,Managed,1,1
2013,3,3,FH,10.92697292,543332.7603,2280423.223,17,23.61264235,18.04363636,3,0.575729514,21.696152,78.303848,2065.100098,3.419699907,287.1319885,Managed,2,1
2013,3,4,L,1.98439511,543252.1848,2280437.405,17,20.41592534,19.11,2,0.398307114,17.533432,82.466568,2063.560059,2.002300024,156.6750031,Managed,1,1
2013,3,4,FH,8.682978001,543252.1848,2280437.405,17,20.41592534,19.11,2,0.398307114,17.533432,82.466568,2063.560059,2.002300024,156.6750031,Managed,2,1
2013,4,1,L,1.588709947,541295.3921,2279450.545,2,5.771587932,7.1,2,0.184907399,97.740113,2.259887,2062.929932,2.724600077,194.9839935,Managed,1,1
2013,4,1,FH,15.52715639,541295.3921,2279450.545,2,5.771587932,7.1,2,0.184907399,97.740113,2.259887,2062.929932,2.724600077,194.9839935,Managed,2,1
2013,4,2,L,5.42012579,541301.2313,2279491.618,2,4.080987064,7.59,1,0,88.94646,11.05354,2065.310059,2.971899986,185.6950073,Managed,1,1
2013,4,2,FH,14.35845938,541301.2313,2279491.618,2,4.080987064,7.59,1,0,88.94646,11.05354,2065.310059,2.971899986,185.6950073,Managed,2,1
2013,4,3,L,0.907490987,541334.346,2279424.938,2,0.853650393,3.5,2,0.348832096,91.865578,8.134422,2061.909912,1.826699972,153.3959961,Managed,1,1
2013,4,3,FH,13.35463632,541334.346,2279424.938,2,0.853650393,3.5,2,0.348832096,91.865578,8.134422,2061.909912,1.826699972,153.3959961,Managed,2,1
2013,4,4,L,2.169411822,541251.7775,2279432.621,8,19.4332442,9.12,2,0.036434416,15.460808,84.539192,2061.75,2.394999981,174.7749939,Managed,1,1
2013,4,4,FH,5.190182595,541251.7775,2279432.621,8,19.4332442,9.12,2,0.036434416,15.460808,84.539192,2061.75,2.394999981,174.7749939,Managed,2,1
2013,5,1,L,0.748140549,541927.22,2279830.47,1,1.757163457,33,1,0,99.821683,0.178317,2068.51001,13.89039993,79.11380005,Managed,1,1
2013,5,1,FH,14.91674764,541927.22,2279830.47,1,1.757163457,33,1,0,99.821683,0.178317,2068.51001,13.89039993,79.11380005,Managed,2,1
2013,5,2,L,0.713245965,541923.85,2279870.13,1,0.608212338,15.25,1,0,92.482653,7.517347,2070.97998,17.68090057,145.503006,Managed,1,1
2013,5,2,FH,10.15393511,541923.85,2279870.13,1,0.608212338,15.25,1,0,92.482653,7.517347,2070.97998,17.68090057,145.503006,Managed,2,1
2013,5,3,L,0.683501456,541958.0283,2279808.752,1,1.757163457,33,1,0,99.58124,0.41876,2060.629883,13.43239975,101.1750031,Managed,1,1
2013,5,3,FH,19.40251111,541958.0283,2279808.752,1,1.757163457,33,1,0,99.58124,0.41876,2060.629883,13.43239975,101.1750031,Managed,2,1
2013,5,4,L,2.285378068,541881.534,2279815.093,1,0.608212338,15.25,1,0,100,0,2077.919922,6.505000114,103.0930023,Managed,1,1
2013,5,4,FH,10.33051481,541881.534,2279815.093,1,0.608212338,15.25,1,0,100,0,2077.919922,6.505000114,103.0930023,Managed,2,1
2013,6,1,L,2.143115828,542175.9553,2279827.775,25,20.70067832,21.15,7,0.728805322,22.804314,77.195686,2051.22998,7.194600105,187.6909943,Managed,1,1
2013,6,1,FH,7.41038463,542175.9553,2279827.775,25,20.70067832,21.15,7,0.728805322,22.804314,77.195686,2051.22998,7.194600105,187.6909943,Managed,2,1
2013,6,2,L,3.087265527,542171.788,2279869.487,25,33.48160225,23.05,4,0.65759895,20.761559,79.238441,2055.459961,3.346800089,189.7100067,Managed,1,1
2013,6,2,FH,20.44132776,542171.788,2279869.487,25,33.48160225,23.05,4,0.65759895,20.761559,79.238441,2055.459961,3.346800089,189.7100067,Managed,2,1
2013,6,3,L,2.016664557,542213.9402,2279804.407,20,37.05848498,21.85,4,0.898968699,2.456024,97.543976,2053.27002,11.64710045,220.4799957,Managed,1,1
2013,6,3,FH,11.26058585,542213.9402,2279804.407,20,37.05848498,21.85,4,0.898968699,2.456024,97.543976,2053.27002,11.64710045,220.4799957,Managed,2,1
2013,6,4,L,1.755839227,542134.5344,2279808.305,7,8.874568615,21.74,3,0.803742107,30.187698,69.812302,2049.070068,9.744999886,165.947998,Managed,1,1
2013,6,4,FH,5.669841989,542134.5344,2279808.305,7,8.874568615,21.74,3,0.803742107,30.187698,69.812302,2049.070068,9.744999886,165.947998,Managed,2,1
2013,7,1,L,1.96229397,542414.5745,2279821.951,20,37.00101988,21.84,8,1.382330724,11.945229,88.054771,2053.560059,4.227300167,3.143100023,Managed,1,1
2013,7,1,FH,6.773055276,542414.5745,2279821.951,20,37.00101988,21.84,8,1.382330724,11.945229,88.054771,2053.560059,4.227300167,3.143100023,Managed,2,1
2013,7,2,L,1.562509654,542404.9741,2279869.405,20,25.04696963,20.81,5,1.391932233,5.402931,94.597069,2050.5,4.041699886,29.13339996,Managed,1,1
2013,7,2,FH,9.070689953,542404.9741,2279869.405,20,25.04696963,20.81,5,1.391932233,5.402931,94.597069,2050.5,4.041699886,29.13339996,Managed,2,1
2013,7,3,L,1.888894601,542450.4659,2279802.563,80,21.82807249,16.0765508,8,1.648400914,7.250969,92.749031,2054.620117,4.390399933,314.2139893,Unmanaged,1,2
2013,7,3,FH,14.29544858,542450.4659,2279802.563,80,21.82807249,16.0765508,8,1.648400914,7.250969,92.749031,2054.620117,4.390399933,314.2139893,Unmanaged,2,2
2013,7,4,L,1.921490821,542369.6994,2279808.891,20,42.04677935,21.33,6,1.130990229,2.578667,97.421333,2054.52002,4.918499947,7.941599846,Managed,1,1
2013,7,4,FH,16.73712586,542369.6994,2279808.891,20,42.04677935,21.33,6,1.130990229,2.578667,97.421333,2054.52002,4.918499947,7.941599846,Managed,2,1
2013,8,1,L,1.831523883,542666.3953,2279828.559,15,37.28686381,18.74,4,0.366289089,7.768364,92.231636,2063.570068,1.925400019,333.6579895,Managed,1,1
2013,8,1,FH,12.77215443,542666.3953,2279828.559,15,37.28686381,18.74,4,0.366289089,7.768364,92.231636,2063.570068,1.925400019,333.6579895,Managed,2,1
2013,8,2,L,1.992707513,542675.9772,2279871.524,80,19.91172137,16.90964286,7,1.078050564,10.190514,89.809486,2062.850098,1.511800051,327.427002,Unmanaged,1,2
2013,8,2,FH,14.28367684,542675.9772,2279871.524,80,19.91172137,16.90964286,7,1.078050564,10.190514,89.809486,2062.850098,1.511800051,327.427002,Unmanaged,2,2
2013,8,3,L,1.784822578,542706.9866,2279804.867,15,38.07700172,18.5,5,0.589675966,5.139252,94.860748,2065.580078,1.171599984,161.4140015,Managed,1,1
2013,8,3,FH,8.47042436,542706.9866,2279804.867,15,38.07700172,18.5,5,0.589675966,5.139252,94.860748,2065.580078,1.171599984,161.4140015,Managed,2,1
2013,8,4,L,1.523927989,542631.1271,2279807.222,15,34.43335045,16.785,7,1.436145537,2.231239,97.768761,2063.320068,3.601099968,318.144989,Managed,1,1
2013,8,4,FH,7.479242074,542631.1271,2279807.222,15,34.43335045,16.785,7,1.436145537,2.231239,97.768761,2063.320068,3.601099968,318.144989,Managed,2,1
2013,9,1,L,0.447042936,541919.7485,2279572.265,0,18.7338275,29.13,12,2.151885788,27.282768,72.717232,2048.959961,14.66790009,142.8739929,Managed,1,1
2013,9,1,FH,9.06653187,541919.7485,2279572.265,0,18.7338275,29.13,12,2.151885788,27.282768,72.717232,2048.959961,14.66790009,142.8739929,Managed,2,1
2013,9,2,L,1.102809553,541929.2275,2279615.561,7,5.867781669,6.775,1,0,69.093767,30.906233,2055.469971,10.71549988,139.4109955,Managed,1,1
2013,9,2,FH,3.129653546,541929.2275,2279615.561,7,5.867781669,6.775,1,0,69.093767,30.906233,2055.469971,10.71549988,139.4109955,Managed,2,1
2013,9,3,L,3.202428698,541957.5235,2279549.56,0,3.110255267,22.5,1,0,99.827705,0.172295,2038.5,16.25469971,141.951004,Managed,1,1
2013,9,3,FH,11.58178627,541957.5235,2279549.56,0,3.110255267,22.5,1,0,99.827705,0.172295,2038.5,16.25469971,141.951004,Managed,2,1
2013,9,4,L,1.370539467,541879.1584,2279553.572,0,5.867781669,22.5,1,0,93.617772,6.382228,2048.959961,12.09599972,164.6889954,Managed,1,1
2013,9,4,FH,26.25244988,541879.1584,2279553.572,0,3.110255267,22.5,1,0,93.617772,6.382228,2048.959961,12.09599972,164.6889954,Managed,2,1
2013,10,1,L,1.674621432,542171.8052,2279569.349,19,3.110255267,19.92375,4,0.56221069,13.460617,86.539383,2043.800049,11.36480045,307.79599,Managed,1,1
2013,10,1,FH,11.34115061,542171.8052,2279569.349,19,31.84708657,19.92375,4,0.56221069,13.460617,86.539383,2043.800049,11.36480045,307.79599,Managed,2,1
2013,10,2,L,1.535269636,542172.21,2279616.053,19,35.41562559,20.73,2,0.104732439,7.761833,92.238167,2038.369995,16.79439926,288.8739929,Managed,1,1
2013,10,2,FH,7.887316334,542172.21,2279616.053,19,35.41562559,20.73,2,0.104732439,7.761833,92.238167,2038.369995,16.79439926,288.8739929,Managed,2,1
2013,10,3,L,1.892269651,542209.6988,2279541.001,19,33.16394957,20.31,5,0.875306929,8.491508,91.508492,2050.629883,9.098400116,290.7030029,Managed,1,1
2013,10,3,FH,10.77004873,542209.6988,2279541.001,19,33.16394957,20.31,5,0.875306929,8.491508,91.508492,2050.629883,9.098400116,290.7030029,Managed,2,1
2013,10,4,L,1.303934238,542126.9331,2279554.739,19,32.57394843,19.97,3,0.314123026,9.724312,90.275688,2036.51001,14.70049953,296.2600098,Managed,1,1
2013,10,4,FH,11.92967879,542126.9331,2279554.739,19,32.57394843,19.97,3,0.314123026,9.724312,90.275688,2036.51001,14.70049953,296.2600098,Managed,2,1
2013,11,1,L,2.791353541,542424.9741,2279580.051,18,25.6980809,19.494,5,1.312584406,1.951035,98.048965,2063.469971,1.121199965,253.8480072,Managed,1,1
2013,11,1,FH,7.273527255,542424.9741,2279580.051,18,25.6980809,19.494,5,1.312584406,1.951035,98.048965,2063.469971,1.121199965,253.8480072,Managed,2,1
2013,11,2,L,2.264468055,542434.0504,2279617.149,18,26.5578462,19.25,5,0.827036873,3.685028,96.314972,2063.540039,1.437999964,295.8919983,Managed,1,1
2013,11,2,FH,11.69574895,542434.0504,2279617.149,18,26.5578462,19.25,5,0.827036873,3.685028,96.314972,2063.540039,1.437999964,295.8919983,Managed,2,1
2013,11,3,L,2.040548264,542462.3496,2279550.707,18,28.3855456,18.82,4,0.511028751,5.359726,94.640274,2064.379883,2.051500082,277.0859985,Managed,1,1
2013,11,3,FH,10.35737834,542462.3496,2279550.707,18,28.3855456,18.82,4,0.511028751,5.359726,94.640274,2064.379883,2.051500082,277.0859985,Managed,2,1
2013,11,4,L,2.082213661,542375.2128,2279562.33,18,27.33094746,18.25952381,3,0.649543169,8.994164,91.005836,2061.810059,0.981599987,145.4490051,Managed,1,1
2013,11,4,FH,14.39692761,542375.2128,2279562.33,18,27.33094746,18.25952381,3,0.649543169,8.994164,91.005836,2061.810059,0.981599987,145.4490051,Managed,2,1
2013,12,3,L,1.798079848,542706.5997,2279544.79,15,31.35676608,14.3,4,0.521657425,2.478836,97.521164,2063.090088,10.94299984,125.6790009,Managed,1,1
2013,12,3,FH,16.3811185,542706.5997,2279544.79,15,31.35676608,14.3,4,0.521657425,2.478836,97.521164,2063.090088,10.94299984,125.6790009,Managed,2,1
2013,12,4,L,2.621356916,542625.9192,2279557.868,15,33.20970434,14.97328571,5,0.869049355,1.868782,98.131218,2067.310059,4.919300079,207.503006,Managed,1,1
2013,12,4,FH,10.69357817,542625.9192,2279557.868,15,33.20970434,14.97328571,5,0.869049355,1.868782,98.131218,2067.310059,4.919300079,207.503006,Managed,2,1
2013,13,1,L,2.333551985,541914.8537,2279318.375,19,21.23189119,20.35,5,0.891427691,7.888046,92.111954,2019.089966,5.627900124,248.1380005,Managed,1,1
2013,13,1,FH,9.112476009,541914.8537,2279318.375,19,21.23189119,20.35,5,0.891427691,7.888046,92.111954,2019.089966,5.627900124,248.1380005,Managed,2,1
2013,13,2,L,1.641607119,541931.7289,2279362.464,19,23.65750822,19.73,7,0.873464145,19.93399,80.06601,2020.839966,8.326899529,303.3120117,Managed,1,1
2013,13,2,FH,9.462490054,541931.7289,2279362.464,19,23.65750822,19.73,7,0.873464145,19.93399,80.06601,2020.839966,8.326899529,303.3120117,Managed,2,1
2013,13,3,L,1.48370044,541957.6316,2279295.351,19,27.33390924,19.35,4,0.8620111,4.293137,95.706863,2025.099976,14.27799988,284.5400085,Managed,1,1
2013,13,3,FH,7.969953072,541957.6316,2279295.351,19,27.33390924,19.35,4,0.8620111,4.293137,95.706863,2025.099976,14.27799988,284.5400085,Managed,2,1
2013,14,1,L,1.815576596,542170.9654,2279320.449,19,22.41029082,18.22,4,0.945456541,1.964378,98.035622,2053.27002,1.983199954,244.3930054,Managed,1,1
2013,14,1,FH,8.84934676,542170.9654,2279320.449,19,22.41029082,18.22,4,0.945456541,1.964378,98.035622,2053.27002,1.983199954,244.3930054,Managed,2,1
2013,14,2,L,1.564031504,542176.3857,2279361.521,19,29.50036005,20.2,3,0.619920564,3.553101,96.446899,2052.560059,8.315299988,305.0490112,Managed,1,1
2013,14,2,FH,25.99787176,542176.3857,2279361.521,19,29.50036005,20.2,3,0.619920564,3.553101,96.446899,2052.560059,8.315299988,305.0490112,Managed,2,1
2013,14,3,L,1.962487489,542199.9902,2279297.169,19,27.94397578,18.48,3,0.739231571,2.897438,97.102562,2053.840088,1.633000016,182.0119934,Managed,1,1
2013,14,3,FH,11.44065901,542199.9902,2279297.169,19,27.94397578,18.48,3,0.739231571,2.897438,97.102562,2053.840088,1.633000016,182.0119934,Managed,2,1
2013,14,4,L,1.7788216,542130.4734,2279304.079,19,26.49035243,19.44,6,1.205629495,3.005928,96.994072,2051.719971,5.463600159,317.3169861,Managed,1,1
2013,14,4,FH,14.20703591,542130.4734,2279304.079,19,26.49035243,19.44,6,1.205629495,3.005928,96.994072,2051.719971,5.463600159,317.3169861,Managed,2,1
2013,15,1,L,1.551293189,542423.0351,2279313.884,18,22.23765032,19.44,6,1.17958906,4.147461,95.852539,2030.400024,10.74380016,128.4089966,Managed,1,1
2013,15,1,FH,3.532888679,542423.0351,2279313.884,18,22.23765032,19.44,6,1.17958906,4.147461,95.852539,2030.400024,10.74380016,128.4089966,Managed,2,1
2013,15,2,L,1.649822254,542421.8508,2279370.766,18,18.92845195,16.4,5,0.888953263,5.824562,94.175438,2041.73999,13.54930019,197.9680023,Managed,1,1
2013,15,2,FH,4.485233252,542421.8508,2279370.766,18,18.92845195,16.4,5,0.888953263,5.824562,94.175438,2041.73999,13.54930019,197.9680023,Managed,2,1
2013,15,3,L,1.806346697,542463.0325,2279278.016,17,16.75442672,17.6,3,0.437494957,21.296295,78.703705,2026.630005,15.3458004,227.6139984,Managed,1,1
2013,15,3,FH,4.603823152,542463.0325,2279278.016,17,16.75442672,17.6,3,0.437494957,21.296295,78.703705,2026.630005,15.3458004,227.6139984,Managed,2,1
2013,15,4,L,1.644172703,542380.7608,2279301.936,18,23.39214202,15.65,3,0.587090257,9.071732,90.928268,2039.449951,10.0642004,96.49639893,Managed,1,1
2013,15,4,FH,6.645821367,542380.7608,2279301.936,18,23.39214202,15.65,3,0.587090257,9.071732,90.928268,2039.449951,10.0642004,96.49639893,Managed,2,1
2013,16,1,L,0.848091708,542667.9689,2279327.447,4,4.88997904,10.3,5,0.999067748,68.826071,31.173929,2014.099976,11.94999981,36.4178009,Managed,1,1
2013,16,1,FH,4.286179583,542667.9689,2279327.447,4,4.88997904,10.3,5,0.999067748,68.826071,31.173929,2014.099976,11.94999981,36.4178009,Managed,2,1
2013,16,2,L,2.875066515,542670.2685,2279365.966,80,29.8497436,22.756875,12,2.140337505,0.306282,99.693718,2007.920044,20.39279938,106.2460022,Unmanaged,1,2
2013,16,2,FH,11.32292987,542670.2685,2279365.966,80,29.8497436,22.756875,12,2.140337505,0.306282,99.693718,2007.920044,20.39279938,106.2460022,Unmanaged,2,2
2013,16,3,L,2.269870668,542706.7942,2279302.09,4,1.344814289,5.552,2,0.219032522,82.362394,17.637606,2012.72998,28.10370064,342.446991,Managed,1,1
2013,16,3,FH,5.299054964,542706.7942,2279302.09,4,1.344814289,5.552,2,0.219032522,82.362394,17.637606,2012.72998,28.10370064,342.446991,Managed,2,1
2013,16,4,L,2.202423654,542627.491,2279305.654,4,8.415093277,11.99,5,1.136615353,22.678185,77.321815,2022.579956,17.32559967,24.35560036,Managed,1,1
2013,16,4,FH,7.647199494,542627.491,2279305.654,4,8.415093277,11.99,5,1.136615353,22.678185,77.321815,2022.579956,17.32559967,24.35560036,Managed,2,1
2013,17,1,L,0.989925674,541924.1212,2279067.951,14,14.66128964,14.13,4,0.451384089,24.302788,75.697212,2011.23999,13.14550018,233.6640015,Managed,1,1
2013,17,1,FH,3.040112212,541924.1212,2279067.951,14,14.66128964,14.13,4,0.451384089,24.302788,75.697212,2011.23999,13.14550018,233.6640015,Managed,2,1
2013,17,2,L,1.985733985,541931.8137,2279117.439,14,21.02180174,17.72,6,0.884397425,10.120483,89.879517,2019.650024,11.77089977,287.605011,Managed,1,1
2013,17,2,FH,5.279256265,541931.8137,2279117.439,14,21.02180174,17.72,6,0.884397425,10.120483,89.879517,2019.650024,11.77089977,287.605011,Managed,2,1
2013,17,3,L,1.567324583,541951.1904,2279034.927,14,18.51988504,16.92,5,0.872506218,9.44088,90.55912,2015.589966,27.5855999,204.7369995,Managed,1,1
2013,17,3,FH,6.397280279,541951.1904,2279034.927,14,18.51988504,16.92,5,0.872506218,9.44088,90.55912,2015.589966,27.5855999,204.7369995,Managed,2,1
2013,17,4,L,1.706867166,541875.6091,2279049.902,80,41.80904153,19.47,7,1.653574556,6.657013,93.342987,2026.819946,23.27280045,43.98920059,Unmanaged,1,2
2013,17,4,FH,13.68444108,541875.6091,2279049.902,80,41.80904153,19.47,7,1.653574556,6.657013,93.342987,2026.819946,23.27280045,43.98920059,Unmanaged,2,2
2013,18,1,L,3.408044967,542171.9902,2279075.98,14,21.60707977,15.62,4,0.706876886,37.22142,62.77858,2048.780029,5.495800018,106.737999,Managed,1,1
2013,18,1,FH,12.92548419,542171.9902,2279075.98,14,21.60707977,15.62,4,0.706876886,37.22142,62.77858,2048.780029,5.495800018,106.737999,Managed,2,1
2013,18,2,L,2.901285512,542179.9855,2279129.122,16,23.58968909,15.15,3,0.664385572,4.87294,95.12706,2049.590088,7.097300053,105.5599976,Managed,1,1
2013,18,2,FH,6.492943782,542179.9855,2279129.122,16,23.58968909,15.15,3,0.664385572,4.87294,95.12706,2049.590088,7.097300053,105.5599976,Managed,2,1
2013,18,3,L,3.030961747,542206.5552,2279045.742,14,27.53574545,15.95,2,0.146144746,20.578964,79.421036,2043.23999,9.595899582,95.79329681,Managed,1,1
2013,18,3,FH,14.48451359,542206.5552,2279045.742,14,27.53574545,15.95,2,0.146144746,20.578964,79.421036,2043.23999,9.595899582,95.79329681,Managed,2,1
2013,18,4,L,1.795294229,542129.5111,2279062.262,14,21.73622797,14.87,4,0.760457866,8.485504,91.514496,2049.080078,6.019299984,183.4909973,Managed,1,1
2013,18,4,FH,7.627569386,542129.5111,2279062.262,14,21.73622797,14.87,4,0.760457866,8.485504,91.514496,2049.080078,6.019299984,183.4909973,Managed,2,1
2013,19,2,L,2.0546521,542437.1507,2279127.771,17,29.2452091,20.54,3,0.273573794,2.432281,97.567719,2013.689941,16.40559959,272.6659851,Managed,1,1
2013,19,2,FH,5.380932374,542437.1507,2279127.771,17,29.2452091,20.54,3,0.273573794,2.432281,97.567719,2013.689941,16.40559959,272.6659851,Managed,2,1
2013,19,3,L,1.598225383,542460.1606,2279051.688,15,21.40276348,14.74,5,0.687024761,5.365334,94.634666,2015.449951,12.1967001,244.6900024,Managed,1,1
2013,19,3,FH,6.629116239,542460.1606,2279051.688,15,21.40276348,14.74,5,0.687024761,5.365334,94.634666,2015.449951,12.1967001,244.6900024,Managed,2,1
2013,19,4,L,1.73986745,542377.0004,2279055.464,15,26.25737739,16.1,5,0.549983455,8.821716,91.178284,2017.650024,9.107000351,131.6909943,Managed,1,1
2013,19,4,FH,11.8359022,542377.0004,2279055.464,15,26.25737739,16.1,5,0.549983455,8.821716,91.178284,2017.650024,9.107000351,131.6909943,Managed,2,1
2013,21,1,L,2.170669971,543290.5503,2279448.992,15,30.46524287,19.77,7,0.742204056,6.862259,93.137741,1991.839966,29.57799912,298.4949951,Managed,1,1
2013,21,1,FH,17.86323375,543290.5503,2279448.992,15,30.46524287,19.77,7,0.742204056,6.862259,93.137741,1991.839966,29.57799912,298.4949951,Managed,2,1
2013,21,2,L,2.110217903,543298.5617,2279494.387,15,27.17869808,18.13325581,5,0.894111033,6.669914,93.330086,1989.420044,15.71539974,300.7630005,Managed,1,1
2013,21,2,FH,8.617112203,543298.5617,2279494.387,15,27.17869808,18.13325581,5,0.894111033,6.669914,93.330086,1989.420044,15.71539974,300.7630005,Managed,2,1
2013,21,3,L,1.711649534,543329.6984,2279419.875,15,33.71037435,17.5,6,0.557670972,10.816246,89.183754,2005.569946,11.02639961,290.1579895,Managed,1,1
2013,21,3,FH,7.830260675,543329.6984,2279419.875,15,33.71037435,17.5,6,0.557670972,10.816246,89.183754,2005.569946,11.02639961,290.1579895,Managed,2,1
2013,21,4,L,2.738232014,543250.9979,2279432.401,15,32.76803726,17.44,9,0.680367581,8.765656,91.234344,1983.27002,28.09420013,258.4500122,Managed,1,1
2013,21,4,FH,10.21135052,543250.9979,2279432.401,15,32.76803726,17.44,9,0.680367581,8.765656,91.234344,1983.27002,28.09420013,258.4500122,Managed,2,1
2013,22,1,L,2.151490597,541294.9172,2278447.317,16,15.3894606,23.017,3,0.253067332,67.75,32.25,2016.310059,37.89820099,93.39379883,Managed,1,1
2013,22,1,FH,10.62754203,541294.9172,2278447.317,16,15.3894606,23.017,3,0.253067332,67.75,32.25,2016.310059,37.89820099,93.39379883,Managed,2,1
2013,22,2,L,2.804934667,541296.2575,2278496.015,3,0.3066984,4.316666667,3,0.173286795,99.474985,0.525015,2033.880005,18.61910057,154.3849945,Managed,1,1
2013,22,2,FH,0,541296.2575,2278496.015,3,0.3066984,4.316666667,3,0.173286795,99.474985,0.525015,2033.880005,18.61910057,154.3849945,Managed,2,1
2013,22,3,L,1.822774087,541327.0763,2278420.724,16,19.8882949,19.29,5,1.261071915,16.386246,83.613754,2014.160034,27.39229965,251.8619995,Managed,1,1
2013,22,3,FH,16.23268354,541327.0763,2278420.724,16,19.8882949,19.29,5,1.261071915,16.386246,83.613754,2014.160034,27.39229965,251.8619995,Managed,2,1
2013,22,4,L,3.09364976,541256.9193,2278432.505,16,12.86495038,13.25,6,1.256755432,49.621624,50.378376,2026.77002,18.3743,218.8939972,Managed,1,1
2013,22,4,FH,8.350995463,541256.9193,2278432.505,16,12.86495038,13.25,6,1.256755432,49.621624,50.378376,2026.77002,18.3743,218.8939972,Managed,2,1
2013,23,1,L,1.290245345,542297.5534,2278447.684,80,34.5124766,24.01,7,1.44243172,4.556038,95.443962,1988.300049,4.378900051,150.8769989,Unmanaged,1,2
2013,23,1,FH,14.14452907,542297.5534,2278447.684,80,34.5124766,24.01,7,1.44243172,4.556038,95.443962,1988.300049,4.378900051,150.8769989,Unmanaged,2,2
2013,23,2,L,1.15469332,542304.4293,2278490.088,80,22.54928039,18.13,11,1.868134423,3.887085,96.112915,1991.560059,6.904099941,170.2140045,Unmanaged,1,2
2013,23,2,FH,11.19326887,542304.4293,2278490.088,80,22.54928039,18.13,11,1.868134423,3.887085,96.112915,1991.560059,6.904099941,170.2140045,Unmanaged,2,2
2013,23,3,L,1.810750982,542333.1686,2278414.794,80,31.69649039,22.62,8,1.714767522,5.599609,94.400391,1984.349976,4.73029995,133.2660065,Unmanaged,1,2
2013,23,3,FH,7.226953248,542333.1686,2278414.794,80,31.69649039,22.62,8,1.714767522,5.599609,94.400391,1984.349976,4.73029995,133.2660065,Unmanaged,2,2
2013,23,4,L,2.015140482,542255.8178,2278427.77,80,32.75279202,21.14,9,1.909648556,6.37149,93.62851,1987.27002,5.452300072,173.7669983,Unmanaged,1,2
2013,23,4,FH,8.572774978,542255.8178,2278427.77,80,32.75279202,21.14,9,1.909648556,6.37149,93.62851,1987.27002,5.452300072,173.7669983,Unmanaged,2,2
2013,24,1,L,2.481031337,543296.4319,2278451.09,80,44.81350102,24.70068493,10,1.215140445,12.579147,87.420853,1950.079956,26.06780052,139.6399994,Unmanaged,1,2
2013,24,1,FH,12.6792552,543296.4319,2278451.09,80,44.81350102,24.70068493,10,1.215140445,12.579147,87.420853,1950.079956,26.06780052,139.6399994,Unmanaged,2,2
2013,24,2,L,2.365415081,543300.692,2278496.697,80,38.52886537,16.19,7,1.022092868,8.978531,91.021469,1952.810059,21.46859932,78.32769775,Unmanaged,1,2
2013,24,2,FH,6.519886836,543300.692,2278496.697,80,38.52886537,16.19,7,1.022092868,8.978531,91.021469,1952.810059,21.46859932,78.32769775,Unmanaged,2,2
2013,24,3,L,1.47454076,543292.8958,2278407.587,18,30.86479617,17.18,14,1.861866294,1.343285,98.656715,1941.420044,25.11709976,126.3040009,Managed,1,1
2013,24,3,FH,7.009462322,543292.8958,2278407.587,18,30.86479617,17.18,14,1.861866294,1.343285,98.656715,1941.420044,25.11709976,126.3040009,Managed,2,1
2013,24,4,L,2.431958686,543250.7318,2278433.487,18,24.0901267,17.03,8,1.679621865,4.961571,95.038429,1958,3.878299952,109.0970001,Managed,1,1
2013,24,4,FH,23.22878533,543250.7318,2278433.487,18,24.0901267,17.03,8,1.679621865,4.961571,95.038429,1958,3.878299952,109.0970001,Managed,2,1
2013,25,1,L,1.435193836,541745,2278549,31,19.15923798,11.85974359,5,0.823193398,23.04541,76.95459,2039.72998,21.96769905,273.8630066,Managed,1,1
2013,25,1,FH,10.91167327,541745,2278549,31,19.15923798,11.85974359,5,0.823193398,23.04541,76.95459,2039.72998,21.96769905,273.8630066,Managed,2,1
2013,25,2,L,1.163019471,541753,2278593,31,20.26204149,16.21,4,0.813111763,19.702141,80.297859,2038.939941,4.15019989,283.375,Managed,1,1
2013,25,2,FH,8.044683034,541753,2278593,31,20.26204149,16.21,4,0.813111763,19.702141,80.297859,2038.939941,4.15019989,283.375,Managed,2,1
2013,25,3,L,1.454633674,541782,2278522,31,23.29522369,15.20242424,6,0.945483355,16.660469,83.339531,2043.130005,4.426000118,115.1220016,Managed,1,1
2013,25,3,FH,16.37528892,541782,2278522,31,23.29522369,15.20242424,6,0.945483355,16.660469,83.339531,2043.130005,4.426000118,115.1220016,Managed,2,1
2013,25,4,L,2.42412904,541704,2278537,31,30.13451016,21,4,0.589280064,10.597557,89.402443,2021.199951,28.39970016,266.0650024,Managed,1,1
2013,25,4,FH,17.44819079,541704,2278537,31,30.13451016,21,4,0.589280064,10.597557,89.402443,2021.199951,28.39970016,266.0650024,Managed,2,1
2013,26,1,L,5.435284407,541414,2280251,30,26.93651021,24.64,11,1.591072408,1.328758,98.671242,2083.620117,3.347899914,334.9639893,Managed,1,1
2013,26,1,FH,11.14382192,541414,2280251,30,26.93651021,24.64,11,1.591072408,1.328758,98.671242,2083.620117,3.347899914,334.9639893,Managed,2,1
2013,26,2,L,3.73228004,541416,2280298,30,39.37408905,25.36,9,1.851295602,0.847458,99.152542,2078.610107,11.91569996,336.3590088,Managed,1,1
2013,26,2,FH,5.788560019,541416,2280298,30,39.37408905,25.36,9,1.851295602,0.847458,99.152542,2078.610107,11.91569996,336.3590088,Managed,2,1
2013,26,3,L,4.4162792,541451,2280229,30,26.08166772,25.04,11,2.108195284,0.948242,99.051758,2084.389893,3.124700069,347.7349854,Managed,1,1
2013,26,3,FH,7.121615421,541451,2280229,30,26.08166772,25.04,11,2.108195284,0.948242,99.051758,2084.389893,3.124700069,347.7349854,Managed,2,1
2013,26,4,L,3.195702307,541370,2280241,30,34.34502972,22.17,10,1.889166552,0.953896,99.046104,2083.51001,5.567299843,3.02940011,Managed,1,1
2013,26,4,FH,6.740174466,541370,2280241,30,34.34502972,22.17,10,1.889166552,0.953896,99.046104,2083.51001,5.567299843,3.02940011,Managed,2,1
2013,27,1,L,1.751032706,541708,2280185,28,29.61655062,25.43,6,0.661035074,14.10891,85.89109,2086.469971,4.26789999,286.223999,Managed,1,1
2013,27,1,FH,10.19334124,541708,2280185,28,29.61655062,25.43,6,0.661035074,14.10891,85.89109,2086.469971,4.26789999,286.223999,Managed,2,1
2013,27,2,L,2.223381917,541708,2280230,28,39.71775001,26.54,5,1.026846472,5.616035,94.383965,2086.26001,2.898200035,245.7709961,Managed,1,1
2013,27,2,FH,19.83779082,541708,2280230,28,39.71775001,26.54,5,1.026846472,5.616035,94.383965,2086.26001,2.898200035,245.7709961,Managed,2,1
2013,27,3,L,2.27484682,541743,2280163,28,29.81575632,21.21,3,0.815849865,8.941483,91.058517,2089.610107,1.667999983,16.61179924,Managed,1,1
2013,27,3,FH,10.35924235,541743,2280163,28,29.81575632,21.21,3,0.815849865,8.941483,91.058517,2089.610107,1.667999983,16.61179924,Managed,2,1
2013,27,4,L,2.287717783,541668,2280161,28,35.22909352,25.44,8,1.635410674,4.426788,95.573212,2085.669922,1.716300011,217.7850037,Managed,1,1
2013,27,4,FH,10.57582219,541668,2280161,28,35.22909352,25.44,8,1.635410674,4.426788,95.573212,2085.669922,1.716300011,217.7850037,Managed,2,1
2013,28,1,L,2.885009785,541280,2279785,27,24.77893248,26.52333333,6,1.04825839,5.983643,94.016357,2085.600098,10.70250034,211.5359955,Managed,1,1
2013,28,1,FH,13.84794145,541280,2279785,27,24.77893248,26.52333333,6,1.04825839,5.983643,94.016357,2085.600098,10.70250034,211.5359955,Managed,2,1
2013,28,2,L,3.870859232,541282,2279830,27,29.28438709,22.394,4,1.075501427,10.746162,89.253838,2091.870117,4.614099979,209.1860046,Managed,1,1
2013,28,2,FH,17.49563396,541282,2279830,27,29.28438709,22.394,4,1.075501427,10.746162,89.253838,2091.870117,4.614099979,209.1860046,Managed,2,1
2013,28,3,L,2.808861833,541316,2279760,27,29.17539174,26.84,5,1.066096657,3.918724,96.081276,2085.909912,8.045800209,217.2299957,Managed,1,1
2013,28,3,FH,9.186667888,541316,2279760,27,29.17539174,26.84,5,1.066096657,3.918724,96.081276,2085.909912,8.045800209,217.2299957,Managed,2,1
2013,28,4,L,2.190203134,541242,2279766,27,28.98711323,24.32,8,1.62274637,15.702148,84.297852,2079.01001,7.851500034,206.4060059,Managed,1,1
2013,28,4,FH,6.05619913,541242,2279766,27,28.98711323,24.32,8,1.62274637,15.702148,84.297852,2079.01001,7.851500034,206.4060059,Managed,2,1
2013,29,1,L,2.368676429,542042,2280352,26,31.92788917,24.082,5,0.499030317,18.37429,81.62571,2039.839966,15.87119961,48.52640152,Managed,1,1
2013,29,1,FH,7.889520697,542042,2280352,26,31.92788917,24.082,5,0.499030317,18.37429,81.62571,2039.839966,15.87119961,48.52640152,Managed,2,1
2013,29,2,L,2.403960431,542053,2280389,26,29.38579009,25.51714286,3,0.73562194,19.817352,80.182648,2030.569946,15.60910034,43.48630142,Managed,1,1
2013,29,2,FH,22.36541816,542053,2280389,26,29.38579009,25.51714286,3,0.73562194,19.817352,80.182648,2030.569946,15.60910034,43.48630142,Managed,2,1
2013,29,3,L,2.625781331,542087,2280316,26,30.61872777,24.32,2,0.304636097,12.417435,87.582565,2037.849976,13.15569973,58.92179871,Managed,1,1
2013,29,3,FH,7.5914984,542087,2280316,26,30.61872777,24.32,2,0.304636097,12.417435,87.582565,2037.849976,13.15569973,58.92179871,Managed,2,1
2013,29,4,L,1.552688556,542008,2280320,26,28.99265904,25.04,4,0.589280064,10.644356,89.355644,2047.040039,14.00819969,38.46580124,Managed,1,1
2013,29,4,FH,9.371834836,542008,2280320,26,28.99265904,25.04,4,0.589280064,10.644356,89.355644,2047.040039,14.00819969,38.46580124,Managed,2,1
2013,30,2,L,1.753955975,542146,2279941,25,34.33163868,23.46,4,0.734380671,19.993233,80.006767,2054.100098,8.336000443,73.92350006,Managed,1,1
2013,30,2,FH,16.74742726,542146,2279941,25,34.33163868,23.46,4,0.734380671,19.993233,80.006767,2054.100098,8.336000443,73.92350006,Managed,2,1
2013,30,3,L,3.142272485,542177,2279873,25,31.83030261,23.05,4,0.65759895,20.761559,79.238441,2055.669922,3.064699888,176.548996,Managed,1,1
2013,30,3,FH,20.61274351,542177,2279873,25,31.83030261,23.05,4,0.65759895,20.761559,79.238441,2055.669922,3.064699888,176.548996,Managed,2,1
2013,30,4,L,2.643155888,542094,2279894,25,31.31174347,23.35,3,0.419555892,34.719711,65.280289,2059.840088,5.53550005,72.31359863,Managed,1,1
2013,30,4,FH,13.61247229,542094,2279894,25,31.31174347,23.35,3,0.419555892,34.719711,65.280289,2059.840088,5.53550005,72.31359863,Managed,2,1
2013,31,1,L,1.869287775,542296.5836,2279690.711,20,35.46311837,22.4,5,0.931382818,2.611275,97.388725,2052.419922,9.489700317,257.5589905,Managed,1,1
2013,31,1,FH,10.95753205,542296.5836,2279690.711,20,35.46311837,22.4,5,0.931382818,2.611275,97.388725,2052.419922,9.489700317,257.5589905,Managed,2,1
2013,31,2,L,2.079430869,542305.1667,2279730.697,20,32.29106798,19.84378947,5,0.972425006,6.383583,93.616417,2055.459961,5.178599834,248.2100067,Managed,1,1
2013,31,2,FH,12.97524131,542305.1667,2279730.697,20,32.29106798,19.84378947,5,0.972425006,6.383583,93.616417,2055.459961,5.178599834,248.2100067,Managed,2,1
2013,31,3,L,2.177303652,542340.0747,2279660.078,20,32.12600502,21.78857143,6,0.825035188,2.991325,97.008675,2057.530029,5.89139986,288.9710083,Managed,1,1
2013,31,3,FH,11.44017064,542340.0747,2279660.078,20,32.12600502,21.78857143,6,0.825035188,2.991325,97.008675,2057.530029,5.89139986,288.9710083,Managed,2,1
2013,31,4,L,1.832222389,542261.9134,2279666.031,20,35.5434295,20.97,7,1.298024437,1.782326,98.217674,2046.939941,14.42990017,281.1239929,Managed,1,1
2013,31,4,FH,9.983737451,542261.9134,2279666.031,20,35.5434295,20.97,7,1.298024437,1.782326,98.217674,2046.939941,14.42990017,281.1239929,Managed,2,1
2013,32,1,L,1.772617147,542490,2279191,17,24.98229127,16.14,2,0.151328607,13.366333,86.633667,2026.51001,7.222300053,272.1419983,Managed,1,1
2013,32,1,FH,7.519607378,542490,2279191,17,24.98229127,16.14,2,0.151328607,13.366333,86.633667,2026.51001,7.222300053,272.1419983,Managed,2,1
2013,32,2,L,2.158637629,542491,2279236,17,19.0823283,14.76666667,4,0.580089249,7.649048,92.350952,2027.810059,8.164600372,248.6549988,Managed,1,1
2013,32,2,FH,9.276979482,542491,2279236,17,19.0823283,14.76666667,4,0.580089249,7.649048,92.350952,2027.810059,8.164600372,248.6549988,Managed,2,1
2013,32,3,L,2.309532262,542529,2279168,17,25.60265578,16.72,3,0.195462855,21.008789,78.991211,2029.48999,5.213600159,237.7389984,Managed,1,1
2013,32,3,FH,16.40141117,542529,2279168,17,25.60265578,16.72,3,0.195462855,21.008789,78.991211,2029.48999,5.213600159,237.7389984,Managed,2,1
2013,32,4,L,1.690011144,542451,2279168,17,30.67902671,18.49,4,0.505738143,5.819901,94.180099,2018.390015,11.79269981,248.6380005,Managed,1,1
2013,32,4,FH,14.43047768,542451,2279168,17,30.67902671,18.49,4,0.505738143,5.819901,94.180099,2018.390015,11.79269981,248.6380005,Managed,2,1
2013,33,1,L,2.924910569,542086.5368,2279206.138,16,27.68886275,16.24,5,0.576394002,4.709618,95.290382,2054.209961,2.330800056,329.4660034,Managed,1,1
2013,33,1,FH,12.73572051,542086.5368,2279206.138,16,27.68886275,16.24,5,0.576394002,4.709618,95.290382,2054.209961,2.330800056,329.4660034,Managed,2,1
2013,33,2,L,2.44694585,542090.8991,2279253.737,16,32.87380256,17.57,4,0.328315995,35.626442,64.373558,2051.219971,8.651399612,268.473999,Managed,1,1
2013,33,2,FH,22.41934447,542090.8991,2279253.737,16,32.87380256,17.57,4,0.328315995,35.626442,64.373558,2051.219971,8.651399612,268.473999,Managed,2,1
2013,33,3,L,2.419592105,542124.5322,2279179.007,16,26.7698956,15.43,6,0.573072388,8.090118,91.909882,2055.199951,1.824499965,67.7990036,Managed,1,1
2013,33,3,FH,8.099327273,542124.5322,2279179.007,16,26.7698956,15.43,6,0.573072388,8.090118,91.909882,2055.199951,1.824499965,67.7990036,Managed,2,1
2013,33,4,L,2.279293913,542046.7831,2279186.008,16,28.07113791,16.6,5,0.610916774,9.821793,90.178207,2050.570068,7.463799953,264.2349854,Managed,1,1
2013,33,4,FH,20.42863252,542046.7831,2279186.008,16,28.07113791,16.6,5,0.610916774,9.821793,90.178207,2050.570068,7.463799953,264.2349854,Managed,2,1
2013,34,1,L,2.061706499,542381,2278960,15,35.68649294,17.46,5,0.195035276,6.047821,93.952179,2015.550049,7.591199875,356.928009,Managed,1,1
2013,34,1,FH,9.380187167,542381,2278960,15,35.68649294,17.46,5,0.195035276,6.047821,93.952179,2015.550049,7.591199875,356.928009,Managed,2,1
2013,34,2,L,1.766668748,542387,2279009,15,30.53102203,17.92,4,0.328406083,10.319313,89.680687,2011.599976,16.61149979,134.3099976,Managed,1,1
2013,34,2,FH,7.817919491,542387,2279009,15,30.53102203,17.92,4,0.328406083,10.319313,89.680687,2011.599976,16.61149979,134.3099976,Managed,2,1
2013,34,3,L,2.151839138,542411,2278936,15,25.59449026,15.31571429,6,0.436813133,6.29007,93.70993,2013.140015,14.0394001,67.54000092,Managed,1,1
2013,34,3,FH,16.7150169,542411,2278936,15,25.59449026,15.31571429,6,0.436813133,6.29007,93.70993,2013.140015,14.0394001,67.54000092,Managed,2,1
2013,34,4,L,1.619684592,542344,2278943,15,35.27344409,18.68,5,0.195035276,7.919746,92.080254,2017.079956,6.994900227,41.92699814,Managed,1,1
2013,34,4,FH,11.32498861,542344,2278943,15,35.27344409,18.68,5,0.195035276,7.919746,92.080254,2017.079956,6.994900227,41.92699814,Managed,2,1
2013,35,1,L,1.916029344,542080.0246,2279017.096,14,18.96158843,14.10235294,6,1.204710762,33.172615,66.827385,2041.349976,9.18200016,243.1869965,Managed,1,1
2013,35,1,FH,7.14944633,542080.0246,2279017.096,14,18.96158843,14.10235294,6,1.204710762,33.172615,66.827385,2041.349976,9.18200016,243.1869965,Managed,2,1
2013,35,2,L,1.510974765,542082.9384,2279060.597,14,12.21203823,13.72222222,4,1.007853269,17.967148,82.032852,2045.209961,8.472900391,231.8220062,Managed,1,1
2013,35,2,FH,12.74759632,542082.9384,2279060.597,14,12.21203823,13.72222222,4,1.007853269,17.967148,82.032852,2045.209961,8.472900391,231.8220062,Managed,2,1
2013,35,3,L,2.617410514,542114.9937,2278991.95,14,6.904583908,8.96,5,1.090477343,56.990246,43.009754,2043.140015,11.3100996,234.3339996,Managed,1,1
2013,35,3,FH,4.316248902,542114.9937,2278991.95,14,6.904583908,8.96,5,1.090477343,56.990246,43.009754,2043.140015,11.3100996,234.3339996,Managed,2,1
2013,35,4,L,2.796523936,542037.1376,2278999.725,14,18.07681316,16.56,5,1.085605454,29.966072,70.033928,2030.97998,12.22379971,237.4519959,Managed,1,1
2013,35,4,FH,13.09149719,542037.1376,2278999.725,14,18.07681316,16.56,5,1.085605454,29.966072,70.033928,2030.97998,12.22379971,237.4519959,Managed,2,1
2013,36,1,L,1.438772343,542515,2278749,12,11.5930329,11.14,6,1.064301925,35.901848,64.098152,2008.75,9.727999687,85.11470032,Managed,1,1
2013,36,1,FH,3.732890422,542515,2278749,12,11.5930329,11.14,6,1.064301925,35.901848,64.098152,2008.75,9.727999687,85.11470032,Managed,2,1
2013,36,2,L,1.901976785,542520,2278796,12,16.00286064,13.23,3,0.499953105,30.273117,69.726883,2006.439941,12.63899994,69.80020142,Managed,1,1
2013,36,2,FH,8.367432678,542520,2278796,12,16.00286064,13.23,3,0.499953105,30.273117,69.726883,2006.439941,12.63899994,69.80020142,Managed,2,1
2013,36,3,L,3.883709721,542554,2278726,12,16.2966072,11.08,3,0.549308195,21.821556,78.178444,2001.900024,11.38759995,97.0707016,Managed,1,1
2013,36,3,FH,20.45515246,542554,2278726,12,16.2966072,11.08,3,0.549308195,21.821556,78.178444,2001.900024,11.38759995,97.0707016,Managed,2,1
2013,37,1,L,3.161924019,541634,2279229,9,15.19957504,8.67,3,0.115705384,36.405682,63.594318,2028.180054,9.637999535,59.09130096,Managed,1,1
2013,37,1,FH,12.00521677,541634,2279229,9,15.19957504,8.67,3,0.115705384,36.405682,63.594318,2028.180054,9.637999535,59.09130096,Managed,2,1
2013,37,2,L,0.441544714,541637,2279286,9,17.9378461,8.3,2,0.042414732,37.768238,62.231762,2028.680054,4.854700089,149.1779938,Managed,1,1
2013,37,2,FH,2.014583314,541637,2279286,9,17.9378461,8.3,2,0.042414732,37.768238,62.231762,2028.680054,4.854700089,149.1779938,Managed,2,1
2013,37,3,L,1.782555019,541670,2279206,9,20.27832567,8.243333333,3,0.137952603,32.513474,67.486526,2025.890015,2.892499924,103.6669998,Managed,1,1
2013,37,3,FH,3.57021742,541670,2279206,9,20.27832567,8.243333333,3,0.137952603,32.513474,67.486526,2025.890015,2.892499924,103.6669998,Managed,2,1
2013,37,4,L,1.6162855,541591,2279214,9,19.03991599,8.31,3,0.108410072,34.855309,65.144691,2034.930054,6.442500114,73.57900238,Managed,1,1
2013,37,4,FH,7.041437036,541591,2279214,9,19.03991599,8.31,3,0.108410072,34.855309,65.144691,2034.930054,6.442500114,73.57900238,Managed,2,1
2013,38,2,L,1.168948492,541239,2279310,8,9.706206488,7.215,3,0.326442041,30.009682,69.990318,2058.050049,4.125400066,101.401001,Managed,1,1
2013,38,2,FH,7.70866012,541239,2279310,8,9.706206488,7.215,3,0.326442041,30.009682,69.990318,2058.050049,4.125400066,101.401001,Managed,2,1
2013,38,3,L,2.923640926,541275,2279237,8,11.08008313,7.18,2,0.105640482,75.470907,24.529093,2056.25,2.958699942,91.7594986,Managed,1,1
2013,38,3,FH,7.289489737,541275,2279237,8,11.08008313,7.18,2,0.105640482,75.470907,24.529093,2056.25,2.958699942,91.7594986,Managed,2,1
2013,38,4,L,0.774678084,541200,2279243,8,7.290963535,7.7,2,0.099623389,40.767204,59.232796,2057.469971,4.117300034,208.3029938,Managed,1,1
2013,38,4,FH,0,541200,2279243,8,7.290963535,7.7,2,0.099623389,40.767204,59.232796,2057.469971,4.117300034,208.3029938,Managed,2,1
2013,39,1,L,1.883224612,541978,2279702,7,4.285610874,6.88,3,0.306829153,71.907217,28.092783,2059.320068,10.0649004,137.3470001,Managed,1,1
2013,39,1,FH,7.681963881,541978,2279702,7,4.285610874,6.88,3,0.306829153,71.907217,28.092783,2059.320068,10.0649004,137.3470001,Managed,2,1
2013,39,2,L,2.603956623,541983,2279747,7,1.786292551,6.12,2,0.410116318,67.843266,32.156734,2063.149902,11.10359955,85.41929626,Managed,1,1
2013,39,2,FH,11.18238175,541983,2279747,7,1.786292551,6.12,2,0.410116318,67.843266,32.156734,2063.149902,11.10359955,85.41929626,Managed,2,1
2013,39,3,L,3.188537336,542014,2279672,7,4.529203093,7.115,4,0.65759895,61.290325,38.709675,2049.370117,16.3239994,129.5339966,Managed,1,1
2013,39,3,FH,0,542014,2279672,7,4.529203093,7.115,4,0.65759895,61.290325,38.709675,2049.370117,16.3239994,129.5339966,Managed,2,1
2013,39,4,L,2.257908369,541939,2279680,7,7.447627437,8.22,2,0.244930027,71.718538,28.281462,2062.689941,10.66670036,117.1460037,Managed,1,1
2013,39,4,FH,0,541939,2279680,7,7.447627437,8.22,2,0.244930027,71.718538,28.281462,2062.689941,10.66670036,117.1460037,Managed,2,1
2013,40,1,L,3.301876075,541437.3336,2279544.103,5,6.3156946,5.95,2,0.140760122,55.214558,44.785442,2072.610107,6.476200104,196.197998,Managed,1,1
2013,40,1,FH,8.098078434,541437.3336,2279544.103,5,6.3156946,5.95,2,0.140760122,55.214558,44.785442,2072.610107,6.476200104,196.197998,Managed,2,1
2013,40,2,L,1.154153384,541443.0095,2279590.229,5,9.135599049,6.12,1,0,57.539314,42.460686,2078.709961,9.78069973,200.7449951,Managed,1,1
2013,40,2,FH,4.562052772,541443.0095,2279590.229,5,9.135599049,6.12,1,0,57.539314,42.460686,2078.709961,9.78069973,200.7449951,Managed,2,1
2013,40,3,L,1.967481474,541477.9141,2279519.609,5,2.085061027,5.6,2,0.135793959,59.930969,40.069031,2070.790039,8.039099693,190.345993,Managed,1,1
2013,40,3,FH,0,541477.9141,2279519.609,5,2.085061027,5.6,2,0.135793959,59.930969,40.069031,2070.790039,8.039099693,190.345993,Managed,2,1
2013,40,4,L,1.08819914,541399.7451,2279528.64,5,6.580151103,5.76,1,0,44.483845,55.516155,2069.389893,6.970099926,196.2709961,Managed,1,1
2013,40,4,FH,3.231002255,541399.7451,2279528.64,5,6.580151103,5.76,1,0,44.483845,55.516155,2069.389893,6.970099926,196.2709961,Managed,2,1
2013,41,1,L,1.144970533,541926,2278717,80,6.3156946,5.95,2,0.140760122,55.214558,44.785442,2039.609985,8.347700119,113.4469986,Unmanaged,1,2
2013,41,1,FH,5.575716701,541926,2278717,80,6.3156946,5.95,2,0.140760122,55.214558,44.785442,2039.609985,8.347700119,113.4469986,Unmanaged,2,2
2013,41,2,L,1.3463252,541933,2278762,80,9.135599049,6.12,1,0,57.539314,42.460686,2038.579956,15.40030003,89.4489975,Unmanaged,1,2
2013,41,2,FH,5.951538194,541933,2278762,80,9.135599049,6.12,1,0,57.539314,42.460686,2038.579956,15.40030003,89.4489975,Unmanaged,2,2
2013,41,3,L,1.161652533,541968,2278692,80,2.085061027,5.6,2,0.135793959,59.930969,40.069031,2030.939941,10.24429989,90.69270325,Unmanaged,1,2
2013,41,3,FH,7.40158376,541968,2278692,80,2.085061027,5.6,2,0.135793959,59.930969,40.069031,2030.939941,10.24429989,90.69270325,Unmanaged,2,2
2013,41,4,L,1.035220533,541889,2278701,80,6.580151103,5.76,1,0,44.483845,55.516155,2042.060059,6.487800121,98.84860229,Unmanaged,1,2
2013,41,4,FH,5.640787064,541889,2278701,80,6.580151103,5.76,1,0,44.483845,55.516155,2042.060059,6.487800121,98.84860229,Unmanaged,2,2
2018,1,1,L,2.569612954,541295.8786,2280448.462,34,39.82378274,28.16,13,1.885399352,10.7275,83.854202,2081.139893,4.063799858,153.576004,Managed,1,1
2018,1,1,FH,4.072185669,541295.8786,2280448.462,34,39.82378274,28.16,13,1.885399352,10.7275,83.854202,2081.139893,4.063799858,153.576004,Managed,2,1
2018,1,2,L,1.796496785,541295.6542,2280497.82,34,28.13708555,24.36,11,2.068319809,12.665,83.854202,2085,5.104199886,151.6560059,Managed,1,1
2018,1,2,FH,3.996135966,541295.6542,2280497.82,34,28.13708555,24.36,11,2.068319809,12.665,83.854202,2085,5.104199886,151.6560059,Managed,2,1
2018,1,3,L,2.104368234,541334.7038,2280421.221,35,32.41597402,25.27,11,1.997272728,10.845,79.150597,2079.23999,4.691500187,124.3570023,Managed,1,1
2018,1,3,FH,2.978438827,541334.7038,2280421.221,35,32.41597402,25.27,11,1.997272728,10.845,79.150597,2079.23999,4.691500187,124.3570023,Managed,2,1
2018,1,4,L,2.325570315,541247.9859,2280434.179,34,30.10354584,25.57,11,2.083156799,11.065,40.1003,2082.370117,4.873000145,139.2380066,Managed,1,1
2018,1,4,FH,7.188986708,541247.9859,2280434.179,34,30.10354584,25.57,11,2.083156799,11.065,40.1003,2082.370117,4.873000145,139.2380066,Managed,2,1
2018,2,1,L,1.914486725,542296.9318,2280451.263,27,22.96743384,25.69,6,1.485902278,13.965,56.4202,2016.709961,14.53429985,251.1900024,Managed,1,1
2018,2,1,FH,5.360834728,542296.9318,2280451.263,27,22.96743384,25.69,6,1.485902278,13.965,56.4202,2016.709961,14.53429985,251.1900024,Managed,2,1
2018,2,2,L,1.82308,542301.6097,2280497.313,26,34.38907092,25.22,4,1.319898938,13.035,56.4202,2011.969971,12.0941,342.5559998,Managed,1,1
2018,2,2,FH,2.963238579,542301.6097,2280497.313,26,34.38907092,25.22,4,1.319898938,13.035,56.4202,2011.969971,12.0941,342.5559998,Managed,2,1
2018,2,3,L,3.039342502,542338.3535,2280428.015,27,20.85275321,22.23,5,1.415369135,19.07,54.325298,2020.329956,9.30850029,325.0289917,Managed,1,1
2018,2,3,FH,2.99976642,542338.3535,2280428.015,27,20.85275321,22.23,5,1.415369135,19.07,54.325298,2020.329956,9.30850029,325.0289917,Managed,2,1
2018,2,4,L,2.290125355,542258.4255,2280433.57,30,34.13746862,26.7,9,1.554751834,17.76,52.421101,2016.150024,10.63549995,290.0299988,Managed,1,1
2018,2,4,FH,7.782188094,542258.4255,2280433.57,30,34.13746862,26.7,9,1.554751834,17.76,52.421101,2016.150024,10.63549995,290.0299988,Managed,2,1
2018,3,1,L,2.649429655,543295.194,2280445.815,22,25.74934555,23.63,5,0.94634734,14.8675,54.9091,2062.47998,0.69749999,209.0319977,Managed,1,1
2018,3,1,FH,5.012369916,543295.194,2280445.815,22,25.74934555,23.63,5,0.94634734,14.8675,54.9091,2062.47998,0.69749999,209.0319977,Managed,2,1
2018,3,2,L,1.376533333,543302.8827,2280494.972,22,28.27023018,22.67,3,0.792645885,12.605,54.9091,2064.02002,0.958899975,263.3829956,Managed,1,1
2018,3,2,FH,2.413084394,543302.8827,2280494.972,22,28.27023018,22.67,3,0.792645885,12.605,54.9091,2064.02002,0.958899975,263.3829956,Managed,2,1
2018,3,3,L,1.30848,543332.7603,2280423.223,22,30.96862265,22.88,4,0.997651338,12.1275,71.147499,2065.100098,3.419699907,287.1319885,Managed,1,1
2018,3,3,FH,0,543332.7603,2280423.223,22,30.96862265,22.88,4,0.997651338,12.1275,71.147499,2065.100098,3.419699907,287.1319885,Managed,2,1
2018,3,4,L,3.293824833,543252.1848,2280437.405,22,21.18578166,22.73,3,0.726910626,12.7575,67.457603,2063.560059,2.002300024,156.6750031,Managed,1,1
2018,3,4,FH,4.362930974,543252.1848,2280437.405,22,21.18578166,22.73,3,0.726910626,12.7575,67.457603,2063.560059,2.002300024,156.6750031,Managed,2,1
2018,4,1,L,0.835333333,541295.3921,2279450.545,7,15.50536981,13.35,4,0.865958817,14.2925,4.0964,2062.929932,2.724600077,194.9839935,Managed,1,1
2018,4,1,FH,2.144894933,541295.3921,2279450.545,7,15.50536981,13.35,4,0.865958817,14.2925,4.0964,2062.929932,2.724600077,194.9839935,Managed,2,1
2018,4,2,L,0.795333333,541301.2313,2279491.618,7,11.51741246,12.88,7,1.647435439,16.1475,0,2065.310059,2.971899986,185.6950073,Managed,1,1
2018,4,2,FH,5.170730132,541301.2313,2279491.618,7,11.51741246,12.88,7,1.647435439,16.1475,0,2065.310059,2.971899986,185.6950073,Managed,2,1
2018,4,3,L,1.793333333,541334.346,2279424.938,7,12.54070773,7.06,6,0.978247801,13.45,0.4255,2061.909912,1.826699972,153.3959961,Managed,1,1
2018,4,3,FH,2.265478417,541334.346,2279424.938,7,12.54070773,7.06,6,0.978247801,13.45,0.4255,2061.909912,1.826699972,153.3959961,Managed,2,1
2018,4,4,L,1.442,541251.7775,2279432.621,13,27.09810196,16.08,2,0.070810555,11.77,35.365898,2061.75,2.394999981,174.7749939,Managed,1,1
2018,4,4,FH,5.698484579,541251.7775,2279432.621,13,27.09810196,16.08,2,0.070810555,11.77,35.365898,2061.75,2.394999981,174.7749939,Managed,2,1
2018,5,1,L,0.800537152,541927.22,2279830.47,6,10.19368276,7.68,3,0.805200017,11.0725,0,2068.51001,13.89039993,79.11380005,Managed,1,1
2018,5,1,FH,1.03096,541927.22,2279830.47,6,10.19368276,7.68,3,0.805200017,11.0725,0,2068.51001,13.89039993,79.11380005,Managed,2,1
2018,5,2,L,2.412666667,541923.85,2279870.13,6,8.493217199,7.47,5,1.043680196,17.06,1.1142,2070.97998,17.68090057,145.503006,Managed,1,1
2018,5,2,FH,2.883813333,541923.85,2279870.13,6,8.493217199,7.47,5,1.043680196,17.06,1.1142,2070.97998,17.68090057,145.503006,Managed,2,1
2018,5,3,L,1.713,541958.0283,2279808.752,6,5.280487107,6.82,4,1.033319912,21.5925,0,2060.629883,13.43239975,101.1750031,Managed,1,1
2018,5,3,FH,0,541958.0283,2279808.752,6,5.280487107,6.82,4,1.033319912,21.5925,0,2060.629883,13.43239975,101.1750031,Managed,2,1
2018,5,4,L,1.768,541881.534,2279815.093,6,6.007746171,6.48,3,0.540989472,19.0975,0,2077.919922,6.505000114,103.0930023,Managed,1,1
2018,5,4,FH,2.81848,541881.534,2279815.093,6,6.007746171,6.48,3,0.540989472,19.0975,0,2077.919922,6.505000114,103.0930023,Managed,2,1
2018,6,1,L,2.196159261,542175.9553,2279827.775,30,25.32070664,23.67,9,1.640538586,12.3125,46.179401,2051.22998,7.194600105,187.6909943,Managed,1,1
2018,6,1,FH,2.937712132,542175.9553,2279827.775,30,25.32070664,23.67,9,1.640538586,12.3125,46.179401,2051.22998,7.194600105,187.6909943,Managed,2,1
2018,6,2,L,2.386539277,542171.788,2279869.487,30,34.29780765,25.25,10,1.773195638,10.9625,74.094704,2055.459961,3.346800089,189.7100067,Managed,1,1
2018,6,2,FH,5.178941744,542171.788,2279869.487,30,34.29780765,25.25,10,1.773195638,10.9625,74.094704,2055.459961,3.346800089,189.7100067,Managed,2,1
2018,6,3,L,1.700374,542213.9402,2279804.407,25,27.36666886,23.86,5,1.221309179,13.58,81.578903,2053.27002,11.64710045,220.4799957,Managed,1,1
2018,6,3,FH,5.677960379,542213.9402,2279804.407,25,27.36666886,23.86,5,1.221309179,13.58,81.578903,2053.27002,11.64710045,220.4799957,Managed,2,1
2018,6,4,L,2.88342423,542134.5344,2279808.305,12,14.80960521,19.01,8,1.720796147,14.7375,9.6257,2049.070068,9.744999886,165.947998,Managed,1,1
2018,6,4,FH,1.92228282,542134.5344,2279808.305,12,14.80960521,19.01,8,1.720796147,14.7375,9.6257,2049.070068,9.744999886,165.947998,Managed,2,1
2018,7,1,L,1.71666178,542414.5745,2279821.951,25,27.21802833,25.81,4,1.013637201,21.0375,81.6054,2053.560059,4.227300167,3.143100023,Managed,1,1
2018,7,1,FH,2.945010962,542414.5745,2279821.951,25,27.21802833,25.81,4,1.013637201,21.0375,81.6054,2053.560059,4.227300167,3.143100023,Managed,2,1
2018,7,2,L,1.422720821,542404.9741,2279869.405,25,18.44768732,21.9,4,1.117732744,21.4275,83.497101,2050.5,4.041699886,29.13339996,Managed,1,1
2018,7,2,FH,2.401406734,542404.9741,2279869.405,25,18.44768732,21.9,4,1.117732744,21.4275,83.497101,2050.5,4.041699886,29.13339996,Managed,2,1
2018,7,3,L,2.251964792,542450.4659,2279802.563,85,24.44699046,18.13,11,2.101910343,17.515,69.346703,2054.620117,4.390399933,314.2139893,Unmanaged,1,2
2018,7,3,FH,5.843311252,542450.4659,2279802.563,85,24.44699046,18.13,11,2.101910343,17.515,69.346703,2054.620117,4.390399933,314.2139893,Unmanaged,2,2
2018,7,4,L,2.104405192,542369.6994,2279808.891,25,33.79737158,26.74,5,1.177376203,12.8925,70.987701,2054.52002,4.918499947,7.941599846,Managed,1,1
2018,7,4,FH,3.363280849,542369.6994,2279808.891,25,33.79737158,26.74,5,1.177376203,12.8925,70.987701,2054.52002,4.918499947,7.941599846,Managed,2,1
2018,8,1,L,1.530570881,542666.3953,2279828.559,20,27.42996017,22.44,6,0.822669812,14.0175,65.697701,2063.570068,1.925400019,333.6579895,Managed,1,1
2018,8,1,FH,3.341541823,542666.3953,2279828.559,20,27.42996017,22.44,6,0.822669812,14.0175,65.697701,2063.570068,1.925400019,333.6579895,Managed,2,1
2018,8,2,L,1.813992068,542675.9772,2279871.524,85,16.39832825,16.37,7,1.236759557,13.21,61.259499,2062.850098,1.511800051,327.427002,Unmanaged,1,2
2018,8,2,FH,3.209882969,542675.9772,2279871.524,85,16.39832825,16.37,7,1.236759557,13.21,61.259499,2062.850098,1.511800051,327.427002,Unmanaged,2,2
2018,8,3,L,2.089392531,542706.9866,2279804.867,20,38.12393371,21.43,7,1.069721762,11.4325,84.533897,2065.580078,1.171599984,161.4140015,Managed,1,1
2018,8,3,FH,4.997422961,542706.9866,2279804.867,20,38.12393371,21.43,7,1.069721762,11.4325,84.533897,2065.580078,1.171599984,161.4140015,Managed,2,1
2018,8,4,L,2.28677778,542631.1271,2279807.222,20,31.59376032,18.72,9,1.879552218,12.455,74.545502,2063.320068,3.601099968,318.144989,Managed,1,1
2018,8,4,FH,5.528055998,542631.1271,2279807.222,20,31.59376032,18.72,9,1.879552218,12.455,74.545502,2063.320068,3.601099968,318.144989,Managed,2,1
2018,9,1,L,1.208325333,541919.7485,2279572.265,5,3.845643202,5.53,4,0.820783831,46.0125,53.0914,2048.959961,14.66790009,142.8739929,Managed,1,1
2018,9,1,FH,8.124497267,541919.7485,2279572.265,5,3.845643202,5.53,4,0.820783831,46.0125,53.0914,2048.959961,14.66790009,142.8739929,Managed,2,1
2018,9,2,L,2.259332,541929.2275,2279615.561,12,22.57807662,13.05,5,0.747893062,13.78,14.3149,2055.469971,10.71549988,139.4109955,Managed,1,1
2018,9,2,FH,2.822422213,541929.2275,2279615.561,12,22.57807662,13.05,5,0.747893062,13.78,14.3149,2055.469971,10.71549988,139.4109955,Managed,2,1
2018,9,3,L,1.381728667,541957.5235,2279549.56,5,5.5978076,6.51,5,0.672994747,33.6775,0,2038.5,16.25469971,141.951004,Managed,1,1
2018,9,3,FH,6.258522084,541957.5235,2279549.56,5,5.5978076,6.51,5,0.672994747,33.6775,0,2038.5,16.25469971,141.951004,Managed,2,1
2018,9,4,L,2.991069333,541879.1584,2279553.572,5,4.484073734,5.68,4,0.69209787,30.0325,0,2048.959961,12.09599972,164.6889954,Managed,1,1
2018,9,4,FH,8.810281618,541879.1584,2279553.572,5,4.484073734,5.68,4,0.69209787,30.0325,0,2048.959961,12.09599972,164.6889954,Managed,2,1
2018,10,1,L,1.806525847,542171.8052,2279569.349,24,28.67837019,24.35,6,1.105488071,12.365,64.900703,2043.800049,11.36480045,307.79599,Managed,1,1
2018,10,1,FH,1.992120299,542171.8052,2279569.349,24,28.67837019,24.35,6,1.105488071,12.365,64.900703,2043.800049,11.36480045,307.79599,Managed,2,1
2018,10,2,L,1.417090355,542172.21,2279616.053,24,30.02675353,23.99,7,1.372741345,11.67,56.996601,2038.369995,16.79439926,288.8739929,Managed,1,1
2018,10,2,FH,2.213877351,542172.21,2279616.053,24,30.02675353,23.99,7,1.372741345,11.67,56.996601,2038.369995,16.79439926,288.8739929,Managed,2,1
2018,10,3,L,1.910318153,542209.6988,2279541.001,24,33.23418219,24.83,7,1.336035489,13.7025,79.2593,2050.629883,9.098400116,290.7030029,Managed,1,1
2018,10,3,FH,5.552590653,542209.6988,2279541.001,24,33.23418219,24.83,7,1.336035489,13.7025,79.2593,2050.629883,9.098400116,290.7030029,Managed,2,1
2018,10,4,L,1.864259875,542126.9331,2279554.739,24,33.54631905,23.57,7,1.001272598,12.8275,77.2388,2036.51001,14.70049953,296.2600098,Managed,1,1
2018,10,4,FH,4.870461193,542126.9331,2279554.739,24,33.54631905,23.57,7,1.001272598,12.8275,77.2388,2036.51001,14.70049953,296.2600098,Managed,2,1
2018,11,1,L,2.10312599,542424.9741,2279580.051,23,33.25194004,22.13,10,1.634406239,10.6725,68.461502,2063.469971,1.121199965,253.8480072,Managed,1,1
2018,11,1,FH,4.095747796,542424.9741,2279580.051,23,33.25194004,22.13,10,1.634406239,10.6725,68.461502,2063.469971,1.121199965,253.8480072,Managed,2,1
2018,11,2,L,2.064563851,542434.0504,2279617.149,23,28.97867896,22.56,4,0.892923158,13.555,92.265198,2063.540039,1.437999964,295.8919983,Managed,1,1
2018,11,2,FH,6.611690939,542434.0504,2279617.149,23,28.97867896,22.56,4,0.892923158,13.555,92.265198,2063.540039,1.437999964,295.8919983,Managed,2,1
2018,11,3,L,2.455860234,542462.3496,2279550.707,23,37.00951262,22.7,9,1.492683129,11.0725,77.551003,2064.379883,2.051500082,277.0859985,Managed,1,1
2018,11,3,FH,6.682505211,542462.3496,2279550.707,23,37.00951262,22.7,9,1.492683129,11.0725,77.551003,2064.379883,2.051500082,277.0859985,Managed,2,1
2018,11,4,L,2.072003048,542375.2128,2279562.33,23,35.8426073,22.59,9,1.4186059,9.9675,71.428596,2061.810059,0.981599987,145.4490051,Managed,1,1
2018,11,4,FH,5.785271386,542375.2128,2279562.33,23,35.8426073,22.59,9,1.4186059,9.9675,71.428596,2061.810059,0.981599987,145.4490051,Managed,2,1
2018,12,3,L,2.510576517,542706.5997,2279544.79,20,33.91123468,17.97,3,0.655046019,13.9825,81.370399,2063.090088,10.94299984,125.6790009,Managed,1,1
2018,12,3,FH,5.639736472,542706.5997,2279544.79,20,33.91123468,17.97,3,0.655046019,13.9825,81.370399,2063.090088,10.94299984,125.6790009,Managed,2,1
2018,12,4,L,2.315269464,542625.9192,2279557.868,20,36.03261475,19.76,7,0.968578235,12.05,70.927299,2067.310059,4.919300079,207.503006,Managed,1,1
2018,12,4,FH,3.769322088,542625.9192,2279557.868,20,36.03261475,19.76,7,0.968578235,12.05,70.927299,2067.310059,4.919300079,207.503006,Managed,2,1
2018,13,1,L,2.440847173,541914.8537,2279318.375,24,20.88924281,23.84,5,1.132578803,14.6575,78.061203,2019.089966,5.627900124,248.1380005,Managed,1,1
2018,13,1,FH,6.902393876,541914.8537,2279318.375,24,20.88924281,23.84,5,1.132578803,14.6575,78.061203,2019.089966,5.627900124,248.1380005,Managed,2,1
2018,13,2,L,2.08905894,541931.7289,2279362.464,24,33.2331219,23.46,11,1.763079375,21.69,75.221199,2020.839966,8.326899529,303.3120117,Managed,1,1
2018,13,2,FH,3.833921563,541931.7289,2279362.464,24,33.2331219,23.46,11,1.763079375,21.69,75.221199,2020.839966,8.326899529,303.3120117,Managed,2,1
2018,13,3,L,3.091308683,541957.6316,2279295.351,24,24.98879738,22.64,5,0.986897646,12.305,78.556702,2025.099976,14.27799988,284.5400085,Managed,1,1
2018,13,3,FH,4.403699986,541957.6316,2279295.351,24,24.98879738,22.64,5,0.986897646,12.305,78.556702,2025.099976,14.27799988,284.5400085,Managed,2,1
2018,14,1,L,2.186695173,542170.9654,2279320.449,24,24.98855391,23.48,7,1.575253875,13.5275,84.426201,2053.27002,1.983199954,244.3930054,Managed,1,1
2018,14,1,FH,6.65297875,542170.9654,2279320.449,24,24.98855391,23.48,7,1.575253875,13.5275,84.426201,2053.27002,1.983199954,244.3930054,Managed,2,1
2018,14,2,L,2.86782044,542176.3857,2279361.521,24,24.84803439,24.61,4,1.072739646,13.69,75.949402,2052.560059,8.315299988,305.0490112,Managed,1,1
2018,14,2,FH,6.08877136,542176.3857,2279361.521,24,24.84803439,24.61,4,1.072739646,13.69,75.949402,2052.560059,8.315299988,305.0490112,Managed,2,1
2018,14,3,L,2.802178,542199.9902,2279297.169,24,25.22245333,23.1,3,0.830028239,14.2175,78.016502,2053.840088,1.633000016,182.0119934,Managed,1,1
2018,14,3,FH,5.04962427,542199.9902,2279297.169,24,25.22245333,23.1,3,0.830028239,14.2175,78.016502,2053.840088,1.633000016,182.0119934,Managed,2,1
2018,14,4,L,2.82169128,542130.4734,2279304.079,24,26.65584425,22.72,7,1.240907422,12.9575,83.599098,2051.719971,5.463600159,317.3169861,Managed,1,1
2018,14,4,FH,7.16218741,542130.4734,2279304.079,24,26.65584425,22.72,7,1.240907422,12.9575,83.599098,2051.719971,5.463600159,317.3169861,Managed,2,1
2018,15,1,L,1.991939851,542423.0351,2279313.884,23,28.95707265,23.7,8,1.476862748,9.965,77.1605,2030.400024,10.74380016,128.4089966,Managed,1,1
2018,15,1,FH,4.555424911,542423.0351,2279313.884,23,28.95707265,23.7,8,1.476862748,9.965,77.1605,2030.400024,10.74380016,128.4089966,Managed,2,1
2018,15,2,L,1.54224,542421.8508,2279370.766,23,27.47085193,21.21,7,1.211667584,9.74,71.923698,2041.73999,13.54930019,197.9680023,Managed,1,1
2018,15,2,FH,3.81126581,542421.8508,2279370.766,23,27.47085193,21.21,7,1.211667584,9.74,71.923698,2041.73999,13.54930019,197.9680023,Managed,2,1
2018,15,3,L,1.155835066,542463.0325,2279278.016,22,24.44249405,21.9,5,1.054205803,12.19,45.794399,2026.630005,15.3458004,227.6139984,Managed,1,1
2018,15,3,FH,3.497813788,542463.0325,2279278.016,22,24.44249405,21.9,5,1.054205803,12.19,45.794399,2026.630005,15.3458004,227.6139984,Managed,2,1
2018,15,4,L,1.85572,542380.7608,2279301.936,23,30.59958368,19.57,8,1.356219274,9.9675,64.0625,2039.449951,10.0642004,96.49639893,Managed,1,1
2018,15,4,FH,5.032367898,542380.7608,2279301.936,23,30.59958368,19.57,8,1.356219274,9.9675,64.0625,2039.449951,10.0642004,96.49639893,Managed,2,1
2018,16,1,L,0.85068,542667.9689,2279327.447,9,13.25872658,15.63,8,1.425649698,17.6375,13.4518,2014.099976,11.94999981,36.4178009,Managed,1,1
2018,16,1,FH,2.366633225,542667.9689,2279327.447,9,13.25872658,15.63,8,1.425649698,17.6375,13.4518,2014.099976,11.94999981,36.4178009,Managed,2,1
2018,16,2,L,1.78526989,542670.2685,2279365.966,85,36.2076211,25.07,12,2.250104756,9.895,64.3545,2007.920044,20.39279938,106.2460022,Unmanaged,1,2
2018,16,2,FH,2.250634193,542670.2685,2279365.966,85,36.2076211,25.07,12,2.250104756,9.895,64.3545,2007.920044,20.39279938,106.2460022,Unmanaged,2,2
2018,16,3,L,2.189112045,542706.7942,2279302.09,9,24.43795838,12.65,7,0.798129195,10.4825,1.9391,2012.72998,28.10370064,342.446991,Managed,1,1
2018,16,3,FH,6.387985819,542706.7942,2279302.09,9,24.43795838,12.65,7,0.798129195,10.4825,1.9391,2012.72998,28.10370064,342.446991,Managed,2,1
2018,16,4,L,1.20292,542627.491,2279305.654,9,15.01147218,15.69,9,1.704452502,10.74,32.777802,2022.579956,17.32559967,24.35560036,Managed,1,1
2018,16,4,FH,4.839974489,542627.491,2279305.654,9,15.01147218,15.69,9,1.704452502,10.74,32.777802,2022.579956,17.32559967,24.35560036,Managed,2,1
2018,17,1,L,1.346666527,541924.1212,2279067.951,19,31.34157289,20.19,7,1.103418131,11.36,45.333302,2011.23999,13.14550018,233.6640015,Managed,1,1
2018,17,1,FH,1.806947574,541924.1212,2279067.951,19,31.34157289,20.19,7,1.103418131,11.36,45.333302,2011.23999,13.14550018,233.6640015,Managed,2,1
2018,17,2,L,2.199068809,541931.8137,2279117.439,19,31.29305099,22.71,6,1.409315311,11.9225,59.25,2019.650024,11.77089977,287.605011,Managed,1,1
2018,17,2,FH,5.708829113,541931.8137,2279117.439,19,31.29305099,22.71,6,1.409315311,11.9225,59.25,2019.650024,11.77089977,287.605011,Managed,2,1
2018,17,3,L,1.559721359,541951.1904,2279034.927,19,25.15569449,20.55,8,1.765017234,10.0825,54.591801,2015.589966,27.5855999,204.7369995,Managed,1,1
2018,17,3,FH,4.220834988,541951.1904,2279034.927,19,25.15569449,20.55,8,1.765017234,10.0825,54.591801,2015.589966,27.5855999,204.7369995,Managed,2,1
2018,17,4,L,1.72448,541875.6091,2279049.902,85,44.64752939,23.82,6,1.635680827,11.7575,64.285698,2026.819946,23.27280045,43.98920059,Unmanaged,1,2
2018,17,4,FH,3.61243493,541875.6091,2279049.902,85,44.64752939,23.82,6,1.635680827,11.7575,64.285698,2026.819946,23.27280045,43.98920059,Unmanaged,2,2
2018,18,1,L,2.033512997,542171.9902,2279075.98,19,28.7106579,20.47,9,1.307317122,10.3275,60.133598,2048.780029,5.495800018,106.737999,Managed,1,1
2018,18,1,FH,3.375489338,542171.9902,2279075.98,19,28.7106579,20.47,9,1.307317122,10.3275,60.133598,2048.780029,5.495800018,106.737999,Managed,2,1
2018,18,2,L,1.70710554,542179.9855,2279129.122,21,34.04538068,19.36,4,0.896557761,10.0425,70.696701,2049.590088,7.097300053,105.5599976,Managed,1,1
2018,18,2,FH,3.495988361,542179.9855,2279129.122,21,34.04538068,19.36,4,0.896557761,10.0425,70.696701,2049.590088,7.097300053,105.5599976,Managed,2,1
2018,18,3,L,1.911067689,542206.5552,2279045.742,19,33.79324824,20.29,7,1.053485219,10.5775,63.943199,2043.23999,9.595899582,95.79329681,Managed,1,1
2018,18,3,FH,6.570087023,542206.5552,2279045.742,19,33.79324824,20.29,7,1.053485219,10.5775,63.943199,2043.23999,9.595899582,95.79329681,Managed,2,1
2018,18,4,L,1.909685082,542129.5111,2279062.262,19,31.04563094,18.91,6,1.055860554,10.2875,64.8536,2049.080078,6.019299984,183.4909973,Managed,1,1
2018,18,4,FH,5.111367386,542129.5111,2279062.262,19,31.04563094,18.91,6,1.055860554,10.2875,64.8536,2049.080078,6.019299984,183.4909973,Managed,2,1
2018,19,2,L,1.344373333,542437.1507,2279127.771,22,35.33891182,25.61,4,0.994308708,10.1475,78.978401,2013.689941,16.40559959,272.6659851,Managed,1,1
2018,19,2,FH,2.286538292,542437.1507,2279127.771,22,35.33891182,25.61,4,0.994308708,10.1475,78.978401,2013.689941,16.40559959,272.6659851,Managed,2,1
2018,19,3,L,1.073622251,542460.1606,2279051.688,20,31.99507914,19.29,7,1.120691115,9.8475,64.2229,2015.449951,12.1967001,244.6900024,Managed,1,1
2018,19,3,FH,5.834554169,542460.1606,2279051.688,20,31.99507914,19.29,7,1.120691115,9.8475,64.2229,2015.449951,12.1967001,244.6900024,Managed,2,1
2018,19,4,L,1.781511225,542377.0004,2279055.464,20,34.63175895,19.73,10,1.306887565,9.195,71.459198,2017.650024,9.107000351,131.6909943,Managed,1,1
2018,19,4,FH,6.966130643,542377.0004,2279055.464,20,34.63175895,19.73,10,1.306887565,9.195,71.459198,2017.650024,9.107000351,131.6909943,Managed,2,1
2018,21,1,L,2.10912,543290.5503,2279448.992,20,33.59299919,21.45,8,1.515541307,13.5825,64.8256,1991.839966,29.57799912,298.4949951,Managed,1,1
2018,21,1,FH,1.30368,543290.5503,2279448.992,20,33.59299919,21.45,8,1.515541307,13.5825,64.8256,1991.839966,29.57799912,298.4949951,Managed,2,1
2018,21,2,L,2.03632,543298.5617,2279494.387,20,23.57680856,21.15,5,1.007426456,13.7625,71.527802,1989.420044,15.71539974,300.7630005,Managed,1,1
2018,21,2,FH,0,543298.5617,2279494.387,20,23.57680856,21.15,5,1.007426456,13.7625,71.527802,1989.420044,15.71539974,300.7630005,Managed,2,1
2018,21,3,L,1.975306667,543329.6984,2279419.875,20,21.05950927,20.71,6,1.152433425,15.3375,64.772697,2005.569946,11.02639961,290.1579895,Managed,1,1
2018,21,3,FH,3.464273569,543329.6984,2279419.875,20,21.05950927,20.71,6,1.152433425,15.3375,64.772697,2005.569946,11.02639961,290.1579895,Managed,2,1
2018,21,4,L,2.720448784,543250.9979,2279432.401,20,25.74953404,21.15,9,1.583474086,15.2875,55.244801,1983.27002,28.09420013,258.4500122,Managed,1,1
2018,21,4,FH,4.223291053,543250.9979,2279432.401,20,25.74953404,21.15,9,1.583474086,15.2875,55.244801,1983.27002,28.09420013,258.4500122,Managed,2,1
2018,22,1,L,2.259060469,541294.9172,2278447.317,21,18.17297467,24.3,5,0.885971436,14.86,50,2016.310059,37.89820099,93.39379883,Managed,1,1
2018,22,1,FH,3.689614812,541294.9172,2278447.317,21,18.17297467,24.3,5,0.885971436,14.86,50,2016.310059,37.89820099,93.39379883,Managed,2,1
2018,22,2,L,0.99632,541296.2575,2278496.015,8,6.036354299,5.93,7,1.505896219,28.5475,0,2033.880005,18.61910057,154.3849945,Managed,1,1
2018,22,2,FH,0,541296.2575,2278496.015,8,6.036354299,5.93,7,1.505896219,28.5475,0,2033.880005,18.61910057,154.3849945,Managed,2,1
2018,22,3,L,1.73056,541327.0763,2278420.724,21,26.17410065,21.46,7,1.55917818,10.96,54.227402,2014.160034,27.39229965,251.8619995,Managed,1,1
2018,22,3,FH,2.67430303,541327.0763,2278420.724,21,26.17410065,21.46,7,1.55917818,10.96,54.227402,2014.160034,27.39229965,251.8619995,Managed,2,1
2018,22,4,L,4.001152594,541256.9193,2278432.505,21,20.09176129,14.04,7,1.5952735,20.42,34.016399,2026.77002,18.3743,218.8939972,Managed,1,1
2018,22,4,FH,4.249278955,541256.9193,2278432.505,21,20.09176129,14.04,7,1.5952735,20.42,34.016399,2026.77002,18.3743,218.8939972,Managed,2,1
2018,23,1,L,2.075538586,542297.5534,2278447.684,85,37.11036953,24.87,7,1.595634584,10.6225,64.719101,1988.300049,4.378900051,150.8769989,Unmanaged,1,2
2018,23,1,FH,2.66959797,542297.5534,2278447.684,85,37.11036953,24.87,7,1.595634584,10.6225,64.719101,1988.300049,4.378900051,150.8769989,Unmanaged,2,2
2018,23,2,L,1.166193829,542304.4293,2278490.088,85,27.40678307,20.24,12,1.762472396,10.4025,65.495201,1991.560059,6.904099941,170.2140045,Unmanaged,1,2
2018,23,2,FH,3.562559056,542304.4293,2278490.088,85,27.40678307,20.24,12,1.762472396,10.4025,65.495201,1991.560059,6.904099941,170.2140045,Unmanaged,2,2
2018,23,3,L,1.56264,542333.1686,2278414.794,85,36.87196977,24.13,9,1.80506687,8.6875,53.676498,1984.349976,4.73029995,133.2660065,Unmanaged,1,2
2018,23,3,FH,4.010667874,542333.1686,2278414.794,85,36.87196977,24.13,9,1.80506687,8.6875,53.676498,1984.349976,4.73029995,133.2660065,Unmanaged,2,2
2018,23,4,L,3.634290855,542255.8178,2278427.77,85,36.55692693,21.11,9,1.85237307,11.24,61.7117,1987.27002,5.452300072,173.7669983,Unmanaged,1,2
2018,23,4,FH,3.932757212,542255.8178,2278427.77,85,36.55692693,21.11,9,1.85237307,11.24,61.7117,1987.27002,5.452300072,173.7669983,Unmanaged,2,2
2018,24,1,L,2.398873773,543296.4319,2278451.09,85,32.60787035,21.49,11,1.789009387,17.25,64.856201,1950.079956,26.06780052,139.6399994,Unmanaged,1,2
2018,24,1,FH,5.328842049,543296.4319,2278451.09,85,32.60787035,21.49,11,1.789009387,17.25,64.856201,1950.079956,26.06780052,139.6399994,Unmanaged,2,2
2018,24,2,L,3.397407266,543300.692,2278496.697,85,37.15563595,16.19,9,1.385146484,14.8175,57.021301,1952.810059,21.46859932,78.32769775,Unmanaged,1,2
2018,24,2,FH,6.050788763,543300.692,2278496.697,85,37.15563595,16.19,9,1.385146484,14.8175,57.021301,1952.810059,21.46859932,78.32769775,Unmanaged,2,2
2018,24,3,L,2.300394434,543292.8958,2278407.587,23,26.54141174,17.09,13,1.869069352,12.085,50,1941.420044,25.11709976,126.3040009,Managed,1,1
2018,24,3,FH,7.520261677,543292.8958,2278407.587,23,26.54141174,17.09,13,1.869069352,12.085,50,1941.420044,25.11709976,126.3040009,Managed,2,1
2018,24,4,L,2.613446763,543250.7318,2278433.487,23,29.92797008,21.78,9,1.89997195,14.0175,68.0905,1958,3.878299952,109.0970001,Managed,1,1
2018,24,4,FH,4.162813693,543250.7318,2278433.487,23,29.92797008,21.78,9,1.89997195,14.0175,68.0905,1958,3.878299952,109.0970001,Managed,2,1
2018,25,1,L,1.819,541745,2278549,36,14.8142155,14.66,5,1.407806896,23.6375,71.045601,2039.72998,21.96769905,273.8630066,Managed,1,1
2018,25,1,FH,0,541745,2278549,36,14.8142155,14.66,5,1.407806896,23.6375,71.045601,2039.72998,21.96769905,273.8630066,Managed,2,1
2018,25,2,L,1.50756,541753,2278593,36,14.97485299,18.1,5,1.220206615,17.7,65.882401,2038.939941,4.15019989,283.375,Managed,1,1
2018,25,2,FH,5.59940054,541753,2278593,36,14.97485299,18.1,5,1.220206615,17.7,65.882401,2038.939941,4.15019989,283.375,Managed,2,1
2018,25,3,L,1.667277532,541782,2278522,36,20.70623718,16.42,7,1.472756715,19.0575,74.509804,2043.130005,4.426000118,115.1220016,Managed,1,1
2018,25,3,FH,8.459784481,541782,2278522,36,20.70623718,16.42,7,1.472756715,19.0575,74.509804,2043.130005,4.426000118,115.1220016,Managed,2,1
2018,25,4,L,2.390944994,541704,2278537,36,22.08256892,23.24,7,1.595536884,18.5975,64.058701,2021.199951,28.39970016,266.0650024,Managed,1,1
2018,25,4,FH,4.23205038,541704,2278537,36,22.08256892,23.24,7,1.595536884,18.5975,64.058701,2021.199951,28.39970016,266.0650024,Managed,2,1
2018,26,1,L,2.124373333,541414,2280251,35,47.05330214,27.35,13,1.869791439,11.05,80.322601,2083.620117,3.347899914,334.9639893,Managed,1,1
2018,26,1,FH,4.483905415,541414,2280251,35,47.05330214,27.35,13,1.869791439,11.05,80.322601,2083.620117,3.347899914,334.9639893,Managed,2,1
2018,26,2,L,1.770773333,541416,2280298,35,40.76514919,27.58,11,1.927490249,10.895,77.083298,2078.610107,11.91569996,336.3590088,Managed,1,1
2018,26,2,FH,6.128756538,541416,2280298,35,40.76514919,27.58,11,1.927490249,10.895,77.083298,2078.610107,11.91569996,336.3590088,Managed,2,1
2018,26,3,L,1.708373333,541451,2280229,35,31.77078906,27.18,13,2.304930837,10.9975,47.651001,2084.389893,3.124700069,347.7349854,Managed,1,1
2018,26,3,FH,2.977362213,541451,2280229,35,31.77078906,27.18,13,2.304930837,10.9975,47.651001,2084.389893,3.124700069,347.7349854,Managed,2,1
2018,26,4,L,2.712910036,541370,2280241,35,39.48010035,24.34,12,2.138801751,11.1125,77.184502,2083.51001,5.567299843,3.02940011,Managed,1,1
2018,26,4,FH,4.86710282,541370,2280241,35,39.48010035,24.34,12,2.138801751,11.1125,77.184502,2083.51001,5.567299843,3.02940011,Managed,2,1
2018,27,1,L,1.693631615,541708,2280185,33,37.7455328,25.88,9,0.537139676,10.48,78.582199,2086.469971,4.26789999,286.223999,Managed,1,1
2018,27,1,FH,4.708521403,541708,2280185,33,37.7455328,25.88,9,0.537139676,10.48,78.582199,2086.469971,4.26789999,286.223999,Managed,2,1
2018,27,2,L,2.468905369,541708,2280230,33,48.27764854,27.89,14,1.940392857,10.2575,82.319702,2086.26001,2.898200035,245.7709961,Managed,1,1
2018,27,2,FH,3.255466492,541708,2280230,33,48.27764854,27.89,14,1.940392857,10.2575,82.319702,2086.26001,2.898200035,245.7709961,Managed,2,1
2018,27,3,L,2.070627659,541743,2280163,33,33.94913014,22.43,7,1.543934136,9.88,74.669601,2089.610107,1.667999983,16.61179924,Managed,1,1
2018,27,3,FH,4.407222811,541743,2280163,33,33.94913014,22.43,7,1.543934136,9.88,74.669601,2089.610107,1.667999983,16.61179924,Managed,2,1
2018,27,4,L,1.862986667,541668,2280161,33,38.24496357,27.35,10,1.773388463,9.955,67.680603,2085.669922,1.716300011,217.7850037,Managed,1,1
2018,27,4,FH,2.143515069,541668,2280161,33,38.24496357,27.35,10,1.773388463,9.955,67.680603,2085.669922,1.716300011,217.7850037,Managed,2,1
2018,28,1,L,1.17504,541280,2279785,32,44.25079337,27.79,8,1.461813507,12.0625,59.362499,2085.600098,10.70250034,211.5359955,Managed,1,1
2018,28,1,FH,2.912934896,541280,2279785,32,44.25079337,27.79,8,1.461813507,12.0625,59.362499,2085.600098,10.70250034,211.5359955,Managed,2,1
2018,28,2,L,1.52524,541282,2279830,32,32.14126137,28.36,7,1.617250423,11.1375,67.155403,2091.870117,4.614099979,209.1860046,Managed,1,1
2018,28,2,FH,4.926225212,541282,2279830,32,32.14126137,28.36,7,1.617250423,11.1375,67.155403,2091.870117,4.614099979,209.1860046,Managed,2,1
2018,28,3,L,1.43072,541316,2279760,32,32.0898178,24.36,6,1.197345796,10.765,72.101402,2085.909912,8.045800209,217.2299957,Managed,1,1
2018,28,3,FH,4.502827324,541316,2279760,32,32.0898178,24.36,6,1.197345796,10.765,72.101402,2085.909912,8.045800209,217.2299957,Managed,2,1
2018,28,4,L,1.60072,541242,2279766,32,30.2593492,26.61,10,1.970709161,12.0425,70.473503,2079.01001,7.851500034,206.4060059,Managed,1,1
2018,28,4,FH,5.462731505,541242,2279766,32,30.2593492,26.61,10,1.970709161,12.0425,70.473503,2079.01001,7.851500034,206.4060059,Managed,2,1
2018,29,1,L,1.797129662,542042,2280352,31,36.77161944,27.03,6,1.060438851,10.77,73.809502,2039.839966,15.87119961,48.52640152,Managed,1,1
2018,29,1,FH,3.733842749,542042,2280352,31,36.77161944,27.03,6,1.060438851,10.77,73.809502,2039.839966,15.87119961,48.52640152,Managed,2,1
2018,29,2,L,2.087762004,542053,2280389,31,32.14210568,29.2,7,1.555066831,11.5825,69.438698,2030.569946,15.60910034,43.48630142,Managed,1,1
2018,29,2,FH,7.302754245,542053,2280389,31,32.14210568,29.2,7,1.555066831,11.5825,69.438698,2030.569946,15.60910034,43.48630142,Managed,2,1
2018,29,3,L,2.004426667,542087,2280316,31,37.88263976,26.87,6,1.200968407,10.7825,44.5471,2037.849976,13.15569973,58.92179871,Managed,1,1
2018,29,3,FH,5.512841867,542087,2280316,31,37.88263976,26.87,6,1.200968407,10.7825,44.5471,2037.849976,13.15569973,58.92179871,Managed,2,1
2018,29,4,L,1.860270742,542008,2280320,31,33.74264896,27.14,6,1.536082595,10.5025,63.128502,2047.040039,14.00819969,38.46580124,Managed,1,1
2018,29,4,FH,2.783808967,542008,2280320,31,33.74264896,27.14,6,1.536082595,10.5025,63.128502,2047.040039,14.00819969,38.46580124,Managed,2,1
2018,30,2,L,2.760801911,542146,2279941,30,38.09542376,25.09,7,1.422114665,10.4725,73.684196,2054.100098,8.336000443,73.92350006,Managed,1,1
2018,30,2,FH,4.0867592,542146,2279941,30,38.09542376,25.09,7,1.422114665,10.4725,73.684196,2054.100098,8.336000443,73.92350006,Managed,2,1
2018,30,3,L,2.419828031,542177,2279873,30,34.29780765,25.25,10,1.773195638,10.9625,44.303799,2055.669922,3.064699888,176.548996,Managed,1,1
2018,30,3,FH,5.177439216,542177,2279873,30,34.29780765,25.25,10,1.773195638,10.9625,44.303799,2055.669922,3.064699888,176.548996,Managed,2,1
2018,30,4,L,2.015391733,542094,2279894,30,34.72579075,26.82,7,1.61684134,10.0675,56.947201,2059.840088,5.53550005,72.31359863,Managed,1,1
2018,30,4,FH,5.236576096,542094,2279894,30,34.72579075,26.82,7,1.61684134,10.0675,56.947201,2059.840088,5.53550005,72.31359863,Managed,2,1
2018,31,1,L,2.603142127,542296.5836,2279690.711,25,29.25037567,24.8,5,0.739088973,12.1375,73.352402,2052.419922,9.489700317,257.5589905,Managed,1,1
2018,31,1,FH,3.846860263,542296.5836,2279690.711,25,29.25037567,24.8,5,0.739088973,12.1375,73.352402,2052.419922,9.489700317,257.5589905,Managed,2,1
2018,31,2,L,1.640183723,542305.1667,2279730.697,25,24.89557062,21.74,5,1.084417173,10.625,67.760597,2055.459961,5.178599834,248.2100067,Managed,1,1
2018,31,2,FH,5.534776973,542305.1667,2279730.697,25,24.89557062,21.74,5,1.084417173,10.625,67.760597,2055.459961,5.178599834,248.2100067,Managed,2,1
2018,31,3,L,1.706785772,542340.0747,2279660.078,25,25.91380007,24.04,7,1.163545418,11.88,77.606201,2057.530029,5.89139986,288.9710083,Managed,1,1
2018,31,3,FH,2.766261541,542340.0747,2279660.078,25,25.91380007,24.04,7,1.163545418,11.88,77.606201,2057.530029,5.89139986,288.9710083,Managed,2,1
2018,31,4,L,1.812169114,542261.9134,2279666.031,25,32.76353234,23.41,4,1.100562042,11.3975,85.3591,2046.939941,14.42990017,281.1239929,Managed,1,1
2018,31,4,FH,3.661446074,542261.9134,2279666.031,25,32.76353234,23.41,4,1.100562042,11.3975,85.3591,2046.939941,14.42990017,281.1239929,Managed,2,1
2018,32,1,L,1.501452487,542490,2279191,22,63.38926978,20.06,4,0.93052,9.4425,62.357399,2026.51001,7.222300053,272.1419983,Managed,1,1
2018,32,1,FH,4.152922595,542490,2279191,22,63.38926978,20.06,4,0.93052,9.4425,62.357399,2026.51001,7.222300053,272.1419983,Managed,2,1
2018,32,2,L,1.356853333,542491,2279236,22,25.73948094,18.44,6,1.132266947,10.25,62.081799,2027.810059,8.164600372,248.6549988,Managed,1,1
2018,32,2,FH,3.630590324,542491,2279236,22,25.73948094,18.44,6,1.132266947,10.25,62.081799,2027.810059,8.164600372,248.6549988,Managed,2,1
2018,32,3,L,1.638905906,542529,2279168,22,27.81848879,20.27,3,0.725420735,11.1825,66.921097,2029.48999,5.213600159,237.7389984,Managed,1,1
2018,32,3,FH,4.239657491,542529,2279168,22,27.81848879,20.27,3,0.725420735,11.1825,66.921097,2029.48999,5.213600159,237.7389984,Managed,2,1
2018,32,4,L,1.417866667,542451,2279168,22,32.49740017,22.59,7,1.07536652,9.6325,78.888901,2018.390015,11.79269981,248.6380005,Managed,1,1
2018,32,4,FH,6.398770009,542451,2279168,22,32.49740017,22.59,7,1.07536652,9.6325,78.888901,2018.390015,11.79269981,248.6380005,Managed,2,1
2018,33,1,L,1.42732,542086.5368,2279206.138,21,29.46654473,20.49,6,0.85138577,9.835,69.133202,2054.209961,2.330800056,329.4660034,Managed,1,1
2018,33,1,FH,3.039972301,542086.5368,2279206.138,21,29.46654473,20.49,6,0.85138577,9.835,69.133202,2054.209961,2.330800056,329.4660034,Managed,2,1
2018,33,2,L,1.68353961,542090.8991,2279253.737,21,38.40877976,21.25,5,0.89284366,10.8175,67.887299,2051.219971,8.651399612,268.473999,Managed,1,1
2018,33,2,FH,2.887627525,542090.8991,2279253.737,21,38.40877976,21.25,5,0.89284366,10.8175,67.887299,2051.219971,8.651399612,268.473999,Managed,2,1
2018,33,3,L,1.805191964,542124.5322,2279179.007,21,38.38676721,19.65,7,1.107044101,10.605,60.769199,2055.199951,1.824499965,67.7990036,Managed,1,1
2018,33,3,FH,10.01418177,542124.5322,2279179.007,21,38.38676721,19.65,7,1.107044101,10.605,60.769199,2055.199951,1.824499965,67.7990036,Managed,2,1
2018,33,4,L,2.319011905,542046.7831,2279186.008,21,34.10929246,20.28,8,1.264069431,10.11,73.103401,2050.570068,7.463799953,264.2349854,Managed,1,1
2018,33,4,FH,6.098401391,542046.7831,2279186.008,21,34.10929246,20.28,8,1.264069431,10.11,73.103401,2050.570068,7.463799953,264.2349854,Managed,2,1
2018,34,1,L,1.458738829,542381,2278960,20,49.4939073,19.99,8,1.073636604,10.195,74.4048,2015.550049,7.591199875,356.928009,Managed,1,1
2018,34,1,FH,3.96673163,542381,2278960,20,49.4939073,19.99,8,1.073636604,10.195,74.4048,2015.550049,7.591199875,356.928009,Managed,2,1
2018,34,2,L,1.277768097,542387,2279009,20,32.05910657,19.86,10,1.25178212,9.9875,69.488503,2011.599976,16.61149979,134.3099976,Managed,1,1
2018,34,2,FH,2.55300143,542387,2279009,20,32.05910657,19.86,10,1.25178212,9.9875,69.488503,2011.599976,16.61149979,134.3099976,Managed,2,1
2018,34,3,L,1.240972243,542411,2278936,20,30.49795316,17.91,8,1.164778527,9.675,73.560799,2013.140015,14.0394001,67.54000092,Managed,1,1
2018,34,3,FH,5.422917275,542411,2278936,20,30.49795316,17.91,8,1.164778527,9.675,73.560799,2013.140015,14.0394001,67.54000092,Managed,2,1
2018,34,4,L,1.697436908,542344,2278943,20,31.69847353,22.63,6,0.806628216,10.3425,76.136398,2017.079956,6.994900227,41.92699814,Managed,1,1
2018,34,4,FH,6.501587862,542344,2278943,20,31.69847353,22.63,6,0.806628216,10.3425,76.136398,2017.079956,6.994900227,41.92699814,Managed,2,1
2018,35,1,L,1.770851149,542080.0246,2279017.096,19,27.79087419,17.35,7,1.365621089,10.8375,49.9002,2041.349976,9.18200016,243.1869965,Managed,1,1
2018,35,1,FH,4.563479477,542080.0246,2279017.096,19,27.79087419,17.35,7,1.365621089,10.8375,49.9002,2041.349976,9.18200016,243.1869965,Managed,2,1
2018,35,2,L,1.341618548,542082.9384,2279060.597,19,19.34618282,19.06,5,1.257672438,9.2725,33.106602,2045.209961,8.472900391,231.8220062,Managed,1,1
2018,35,2,FH,4.004270331,542082.9384,2279060.597,19,19.34618282,19.06,5,1.257672438,9.2725,33.106602,2045.209961,8.472900391,231.8220062,Managed,2,1
2018,35,3,L,1.448363388,542114.9937,2278991.95,19,15.88725003,12.7,5,1.378297123,8.045,6.9061,2043.140015,11.3100996,234.3339996,Managed,1,1
2018,35,3,FH,2.263432476,542114.9937,2278991.95,19,15.88725003,12.7,5,1.378297123,8.045,6.9061,2043.140015,11.3100996,234.3339996,Managed,2,1
2018,35,4,L,1.960825973,542037.1376,2278999.725,19,26.43824969,19.81,7,1.462822045,11.1775,60.204102,2030.97998,12.22379971,237.4519959,Managed,1,1
2018,35,4,FH,7.934364541,542037.1376,2278999.725,19,26.43824969,19.81,7,1.462822045,11.1775,60.204102,2030.97998,12.22379971,237.4519959,Managed,2,1
2018,36,1,L,1.3416,542515,2278749,17,19.41099387,16.04,6,0.969716472,10.11,36.956501,2008.75,9.727999687,85.11470032,Managed,1,1
2018,36,1,FH,1.616922663,542515,2278749,17,19.41099387,16.04,6,0.969716472,10.11,36.956501,2008.75,9.727999687,85.11470032,Managed,2,1
2018,36,2,L,1.053173333,542520,2278796,17,26.03911034,17.38,4,0.660766134,13.245,43.006302,2006.439941,12.63899994,69.80020142,Managed,1,1
2018,36,2,FH,2.419320528,542520,2278796,17,26.03911034,17.38,4,0.660766134,13.245,43.006302,2006.439941,12.63899994,69.80020142,Managed,2,1
2018,36,3,L,1.715759807,542554,2278726,17,28.95849422,16.06,4,0.726329078,10.59,43.3526,2001.900024,11.38759995,97.0707016,Managed,1,1
2018,36,3,FH,6.005329206,542554,2278726,17,28.95849422,16.06,4,0.726329078,10.59,43.3526,2001.900024,11.38759995,97.0707016,Managed,2,1
2018,37,1,L,1.939702369,541634,2279229,14,24.22231553,13.01,4,0.740139855,9.55,35.152802,2028.180054,9.637999535,59.09130096,Managed,1,1
2018,37,1,FH,6.207888759,541634,2279229,14,24.22231553,13.01,4,0.740139855,9.55,35.152802,2028.180054,9.637999535,59.09130096,Managed,2,1
2018,37,2,L,1.538134834,541637,2279286,14,20.01033514,13.76,4,0.302454927,13.375,34.834099,2028.680054,4.854700089,149.1779938,Managed,1,1
2018,37,2,FH,3.812123239,541637,2279286,14,20.01033514,13.76,4,0.302454927,13.375,34.834099,2028.680054,4.854700089,149.1779938,Managed,2,1
2018,37,3,L,1.528092438,541670,2279206,14,25.07093039,13.66,5,0.590313138,12.18,25.8216,2025.890015,2.892499924,103.6669998,Managed,1,1
2018,37,3,FH,6.037672159,541670,2279206,14,25.07093039,13.66,5,0.590313138,12.18,25.8216,2025.890015,2.892499924,103.6669998,Managed,2,1
2018,37,4,L,1.055333333,541591,2279214,14,22.19878821,13.58,6,0.845224721,10.8025,15.814,2034.930054,6.442500114,73.57900238,Managed,1,1
2018,37,4,FH,5.158110387,541591,2279214,14,22.19878821,13.58,6,0.845224721,10.8025,15.814,2034.930054,6.442500114,73.57900238,Managed,2,1
2018,38,2,L,1.444906667,541239,2279310,13,23.44568634,13.6,7,1.085830622,13.4725,14.0351,2058.050049,4.125400066,101.401001,Managed,1,1
2018,38,2,FH,4.227503802,541239,2279310,13,23.44568634,13.6,7,1.085830622,13.4725,14.0351,2058.050049,4.125400066,101.401001,Managed,2,1
2018,38,3,L,1.52464,541275,2279237,13,24.4281409,13.75,6,0.857477732,12.6325,33.2258,2056.25,2.958699942,91.7594986,Managed,1,1
2018,38,3,FH,5.815478299,541275,2279237,13,24.4281409,13.75,6,0.857477732,12.6325,33.2258,2056.25,2.958699942,91.7594986,Managed,2,1
2018,38,4,L,1.460853333,541200,2279243,13,20.5069424,13.88,2,0.10296666,13.0375,24.489799,2057.469971,4.117300034,208.3029938,Managed,1,1
2018,38,4,FH,3.184517608,541200,2279243,13,20.5069424,13.88,2,0.10296666,13.0375,24.489799,2057.469971,4.117300034,208.3029938,Managed,2,1
2018,39,1,L,1.57870364,541978,2279702,12,22.49072071,14.69,6,1.193699251,14.52,9.5032,2059.320068,10.0649004,137.3470001,Managed,1,1
2018,39,1,FH,1.706778337,541978,2279702,12,22.49072071,14.69,6,1.193699251,14.52,9.5032,2059.320068,10.0649004,137.3470001,Managed,2,1
2018,39,2,L,1.4328416,541983,2279747,12,9.612291772,11.81,5,1.243030903,21.7525,1.4228,2063.149902,11.10359955,85.41929626,Managed,1,1
2018,39,2,FH,0,541983,2279747,12,9.612291772,11.81,5,1.243030903,21.7525,1.4228,2063.149902,11.10359955,85.41929626,Managed,2,1
2018,39,3,L,1.15571304,542014,2279672,12,19.49580117,13.29,5,1.103150944,15.615,3.2967,2049.370117,16.3239994,129.5339966,Managed,1,1
2018,39,3,FH,0,542014,2279672,12,19.49580117,13.29,5,1.103150944,15.615,3.2967,2049.370117,16.3239994,129.5339966,Managed,2,1
2018,39,4,L,1.2861928,541939,2279680,12,22.53729482,13.3,5,1.109179737,12.7025,11.3433,2062.689941,10.66670036,117.1460037,Managed,1,1
2018,39,4,FH,3.790979733,541939,2279680,12,22.53729482,13.3,5,1.109179737,12.7025,11.3433,2062.689941,10.66670036,117.1460037,Managed,2,1
2018,40,1,L,1.47313364,541437.3336,2279544.103,10,24.09375763,12.26,5,0.438078171,11.0525,10.2506,2072.610107,6.476200104,196.197998,Managed,1,1
2018,40,1,FH,2.7255684,541437.3336,2279544.103,10,24.09375763,12.26,5,0.438078171,11.0525,10.2506,2072.610107,6.476200104,196.197998,Managed,2,1
2018,40,2,L,1.41831544,541443.0095,2279590.229,10,27.54996116,11.99,1,0,9.3175,13.2723,2078.709961,9.78069973,200.7449951,Managed,1,1
2018,40,2,FH,3.347104373,541443.0095,2279590.229,10,27.54996116,11.99,1,0,9.3175,13.2723,2078.709961,9.78069973,200.7449951,Managed,2,1
2018,40,3,L,1.59408388,541477.9141,2279519.609,10,25.92332302,10.88,4,0.375288034,9.8075,5.3079,2070.790039,8.039099693,190.345993,Managed,1,1
2018,40,3,FH,2.46281792,541477.9141,2279519.609,10,25.92332302,10.88,4,0.375288034,9.8075,5.3079,2070.790039,8.039099693,190.345993,Managed,2,1
2018,40,4,L,0.89828,541399.7451,2279528.64,10,25.92212529,11.192,3,0.105052116,10.66,4.2079,2069.389893,6.970099926,196.2709961,Managed,1,1
2018,40,4,FH,2.28911872,541399.7451,2279528.64,10,25.92212529,11.192,3,0.105052116,10.66,4.2079,2069.389893,6.970099926,196.2709961,Managed,2,1
2018,41,1,L,1.361575313,541926,2278717,85,48.73708585,23.38,9,1.793381394,12.2275,10.2506,2039.609985,8.347700119,113.4469986,Unmanaged,1,2
2018,41,1,FH,2.17855155,541926,2278717,85,48.73708585,23.38,9,1.793381394,12.2275,10.2506,2039.609985,8.347700119,113.4469986,Unmanaged,2,2
2018,41,2,L,1.637445077,541933,2278762,85,24.88697051,21.41,10,1.733205107,11.81,13.2723,2038.579956,15.40030003,89.4489975,Unmanaged,1,2
2018,41,2,FH,3.809028759,541933,2278762,85,24.88697051,21.41,10,1.733205107,11.81,13.2723,2038.579956,15.40030003,89.4489975,Unmanaged,2,2
2018,41,3,L,3.5607561,541968,2278692,85,31.2780116,21.81,13,2.114091232,12.84,5.3079,2030.939941,10.24429989,90.69270325,Unmanaged,1,2
2018,41,3,FH,4.77553163,541968,2278692,85,31.2780116,21.81,13,2.114091232,12.84,5.3079,2030.939941,10.24429989,90.69270325,Unmanaged,2,2
2018,41,4,L,1.80132,541889,2278701,85,31.09253884,21.23,6,1.430938653,14.215,4.2079,2042.060059,6.487800121,98.84860229,Unmanaged,1,2
2018,41,4,FH,3.552328605,541889,2278701,85,31.09253884,21.23,6,1.430938653,14.215,4.2079,2042.060059,6.487800121,98.84860229,Unmanaged,2,2
2023,1,1,L,0.759904366,541295.8786,2280448.462,39,41.21156166,32.51,12,1.90445645,14.1,85.9,2081.139893,4.063799858,153.576004,Managed,1,1
2023,1,1,FH,1.16599792,541295.8786,2280448.462,39,41.21156166,32.51,12,1.90445645,14.1,85.9,2081.139893,4.063799858,153.576004,Managed,2,1
2023,1,2,L,1.002594067,541295.6542,2280497.82,39,26.2263689,23.77,11,2.08521538,16.52,83.48,2085,5.104199886,151.6560059,Managed,1,1
2023,1,2,FH,2.639105675,541295.6542,2280497.82,39,26.2263689,23.77,11,2.08521538,16.52,83.48,2085,5.104199886,151.6560059,Managed,2,1
2023,1,3,L,1.145561184,541334.7038,2280421.221,40,31.55301779,25.55,11,2.00239117,13.5975,86.4025,2079.23999,4.691500187,124.3570023,Managed,1,1
2023,1,3,FH,0.944076021,541334.7038,2280421.221,40,31.55301779,25.55,11,2.00239117,13.5975,86.4025,2079.23999,4.691500187,124.3570023,Managed,2,1
2023,1,4,L,0.953879846,541247.9859,2280434.179,39,31.99955591,24.26,11,2.06072669,13.3075,86.6925,2082.370117,4.873000145,139.2380066,Managed,1,1
2023,1,4,FH,0.982369177,541247.9859,2280434.179,39,31.99955591,24.26,11,2.06072669,13.3075,86.6925,2082.370117,4.873000145,139.2380066,Managed,2,1
2023,2,1,L,4.463628824,542296.9318,2280451.263,32,22.86163678,27.28,9,1.95493033,18.45,81.55,2016.709961,14.53429985,251.1900024,Managed,1,1
2023,2,1,FH,7.758801206,542296.9318,2280451.263,32,22.86163678,27.28,9,1.95493033,18.45,81.55,2016.709961,14.53429985,251.1900024,Managed,2,1
2023,2,2,L,2.755547137,542301.6097,2280497.313,31,36.42095487,25.89,6,1.51338093,15.4175,84.5825,2011.969971,12.0941,342.5559998,Managed,1,1
2023,2,2,FH,3.30294966,542301.6097,2280497.313,31,36.42095487,25.89,6,1.51338093,15.4175,84.5825,2011.969971,12.0941,342.5559998,Managed,2,1
2023,2,3,L,2.629971494,542338.3535,2280428.015,32,24.08672832,23.18,9,1.95219169,18.72,81.28,2020.329956,9.30850029,325.0289917,Managed,1,1
2023,2,3,FH,5.004958845,542338.3535,2280428.015,32,24.08672832,23.18,9,1.95219169,18.72,81.28,2020.329956,9.30850029,325.0289917,Managed,2,1
2023,2,4,L,1.844664681,542258.4255,2280433.57,35,31.59456535,25.69,9,1.80849172,20.875,79.125,2016.150024,10.63549995,290.0299988,Managed,1,1
2023,2,4,FH,2.472132254,542258.4255,2280433.57,35,31.59456535,25.69,9,1.80849172,20.875,79.125,2016.150024,10.63549995,290.0299988,Managed,2,1
2023,3,1,L,1.616162285,543295.194,2280445.815,27,25.4291505,25.37,6,1.19454262,15.9825,84.0175,2062.47998,0.69749999,209.0319977,Managed,1,1
2023,3,1,FH,7.027868509,543295.194,2280445.815,27,25.4291505,25.37,6,1.19454262,15.9825,84.0175,2062.47998,0.69749999,209.0319977,Managed,2,1
2023,3,2,L,1.296694979,543302.8827,2280494.972,27,29.2675484,23.96,6,1.07408786,16.07,83.93,2064.02002,0.958899975,263.3829956,Managed,1,1
2023,3,2,FH,5.328656669,543302.8827,2280494.972,27,29.2675484,23.96,6,1.07408786,16.07,83.93,2064.02002,0.958899975,263.3829956,Managed,2,1
2023,3,3,L,2.334393248,543332.7603,2280423.223,27,30.63107815,24.66,6,1.45786959,16.2475,83.7525,2065.100098,3.419699907,287.1319885,Managed,1,1
2023,3,3,FH,6.98414059,543332.7603,2280423.223,27,30.63107815,24.66,6,1.45786959,16.2475,83.7525,2065.100098,3.419699907,287.1319885,Managed,2,1
2023,3,4,L,1.614450853,543252.1848,2280437.405,27,24.78516327,23.52,6,1.13679242,13.15,86.85,2063.560059,2.002300024,156.6750031,Managed,1,1
2023,3,4,FH,5.952418172,543252.1848,2280437.405,27,24.78516327,23.52,6,1.13679242,13.15,86.85,2063.560059,2.002300024,156.6750031,Managed,2,1
2023,4,1,L,0.708679257,541295.3921,2279450.545,12,18.23004956,15.02,7,1.44675392,17.155,82.845,2062.929932,2.724600077,194.9839935,Managed,1,1
2023,4,1,FH,1.526974756,541295.3921,2279450.545,12,18.23004956,15.02,7,1.44675392,17.155,82.845,2062.929932,2.724600077,194.9839935,Managed,2,1
2023,4,2,L,0.899444208,541301.2313,2279491.618,12,16.42846791,14.35,8,1.84048233,19.8,80.2,2065.310059,2.971899986,185.6950073,Managed,1,1
2023,4,2,FH,1.637232312,541301.2313,2279491.618,12,16.42846791,14.35,8,1.84048233,19.8,80.2,2065.310059,2.971899986,185.6950073,Managed,2,1
2023,4,3,L,0.977103227,541334.346,2279424.938,12,22.67405228,10.7,7,1.20184175,16.9,83.1,2061.909912,1.826699972,153.3959961,Managed,1,1
2023,4,3,FH,1.353888872,541334.346,2279424.938,12,22.67405228,10.7,7,1.20184175,16.9,83.1,2061.909912,1.826699972,153.3959961,Managed,2,1
2023,4,4,L,0.741579973,541251.7775,2279432.621,18,21.89908028,18.17,2,0.11690685,15.955,84.045,2061.75,2.394999981,174.7749939,Managed,1,1
2023,4,4,FH,1.572556092,541251.7775,2279432.621,18,21.89908028,18.17,2,0.11690685,15.955,84.045,2061.75,2.394999981,174.7749939,Managed,2,1
2023,5,1,L,2.319230978,541927.22,2279830.47,11,18.1317452,12.14,4,0.93076308,12.35,87.65,2068.51001,13.89039993,79.11380005,Managed,1,1
2023,5,1,FH,3.862856944,541927.22,2279830.47,11,18.1317452,12.14,4,0.93076308,12.35,87.65,2068.51001,13.89039993,79.11380005,Managed,2,1
2023,5,2,L,2.649185348,541923.85,2279870.13,11,12.83676357,10.87,4,0.89995142,13.1375,86.8625,2070.97998,17.68090057,145.503006,Managed,1,1
2023,5,2,FH,5.779064556,541923.85,2279870.13,11,12.83676357,10.87,4,0.89995142,13.1375,86.8625,2070.97998,17.68090057,145.503006,Managed,2,1
2023,5,3,L,2.56816552,541958.0283,2279808.752,11,12.61618449,11.91,4,1.01250814,14.0125,85.9875,2060.629883,13.43239975,101.1750031,Managed,1,1
2023,5,3,FH,1.43955552,541958.0283,2279808.752,11,12.61618449,11.91,4,1.01250814,14.0125,85.9875,2060.629883,13.43239975,101.1750031,Managed,2,1
2023,5,4,L,1.645466312,541881.534,2279815.093,11,14.95301892,9.77,5,0.99508979,13.9825,86.0175,2077.919922,6.505000114,103.0930023,Managed,1,1
2023,5,4,FH,3.339375782,541881.534,2279815.093,11,14.95301892,9.77,5,0.99508979,13.9825,86.0175,2077.919922,6.505000114,103.0930023,Managed,2,1
2023,6,1,L,4.235029495,542175.9553,2279827.775,35,17.66364004,23.4,8,1.39630253,22.6975,77.3025,2051.22998,7.194600105,187.6909943,Managed,1,1
2023,6,1,FH,9.516466089,542175.9553,2279827.775,35,17.66364004,23.4,8,1.39630253,22.6975,77.3025,2051.22998,7.194600105,187.6909943,Managed,2,1
2023,6,2,L,1.973114116,542171.788,2279869.487,35,24.09672251,24.37,5,1.14523845,20.8375,79.1625,2055.459961,3.346800089,189.7100067,Managed,1,1
2023,6,2,FH,8.565149088,542171.788,2279869.487,35,24.09672251,24.37,5,1.14523845,20.8375,79.1625,2055.459961,3.346800089,189.7100067,Managed,2,1
2023,6,3,L,2.273092176,542213.9402,2279804.407,30,29.86906522,24.41,7,1.57761133,13.145,86.855,2053.27002,11.64710045,220.4799957,Managed,1,1
2023,6,3,FH,8.44005106,542213.9402,2279804.407,30,29.86906522,24.41,7,1.57761133,13.145,86.855,2053.27002,11.64710045,220.4799957,Managed,2,1
2023,6,4,L,2.367675373,542134.5344,2279808.305,17,22.44964439,17.38,7,1.69166121,15.195,84.805,2049.070068,9.744999886,165.947998,Managed,1,1
2023,6,4,FH,7.397461218,542134.5344,2279808.305,17,22.44964439,17.38,7,1.69166121,15.195,84.805,2049.070068,9.744999886,165.947998,Managed,2,1
2023,7,1,L,3.045835046,542414.5745,2279821.951,30,31.57946214,27.78,7,1.31591813,12.0525,87.9475,2053.560059,4.227300167,3.143100023,Managed,1,1
2023,7,1,FH,5.791351613,542414.5745,2279821.951,30,31.57946214,27.78,7,1.31591813,12.0525,87.9475,2053.560059,4.227300167,3.143100023,Managed,2,1
2023,7,2,L,2.531560405,542404.9741,2279869.405,30,21.37741882,22.03,6,1.67375428,11.845,88.155,2050.5,4.041699886,29.13339996,Managed,1,1
2023,7,2,FH,5.581400282,542404.9741,2279869.405,30,21.37741882,22.03,6,1.67375428,11.845,88.155,2050.5,4.041699886,29.13339996,Managed,2,1
2023,7,3,L,4.326429026,542450.4659,2279802.563,90,13.22478953,16.24,8,1.82556351,18.7075,81.2925,2054.620117,4.390399933,314.2139893,Unmanaged,1,2
2023,7,3,FH,6.110250324,542450.4659,2279802.563,90,13.22478953,16.24,8,1.82556351,18.7075,81.2925,2054.620117,4.390399933,314.2139893,Unmanaged,2,2
2023,7,4,L,2.13006061,542369.6994,2279808.891,30,32.98727264,27.58,6,1.267158,13.5775,86.4225,2054.52002,4.918499947,7.941599846,Managed,1,1
2023,7,4,FH,7.656208347,542369.6994,2279808.891,30,32.98727264,27.58,6,1.267158,13.5775,86.4225,2054.52002,4.918499947,7.941599846,Managed,2,1
2023,8,1,L,1.893154622,542666.3953,2279828.559,25,25.20506462,23.84,6,1.04177604,13.2375,86.7625,2063.570068,1.925400019,333.6579895,Managed,1,1
2023,8,1,FH,5.307393912,542666.3953,2279828.559,25,25.20506462,23.84,6,1.04177604,13.2375,86.7625,2063.570068,1.925400019,333.6579895,Managed,2,1
2023,8,2,L,1.829944813,542675.9772,2279871.524,90,18.30429325,19.45,7,1.29290073,13.94,86.06,2062.850098,1.511800051,327.427002,Unmanaged,1,2
2023,8,2,FH,1.658939422,542675.9772,2279871.524,90,18.30429325,19.45,7,1.29290073,13.94,86.06,2062.850098,1.511800051,327.427002,Unmanaged,2,2
2023,8,3,L,1.661613273,542706.9866,2279804.867,25,32.78605363,23.1,5,0.96906756,11.7825,88.2175,2065.580078,1.171599984,161.4140015,Managed,1,1
2023,8,3,FH,5.096848204,542706.9866,2279804.867,25,32.78605363,23.1,5,0.96906756,11.7825,88.2175,2065.580078,1.171599984,161.4140015,Managed,2,1
2023,8,4,L,2.184505717,542631.1271,2279807.222,25,29.78754089,22.76,8,1.88758247,12.1475,87.8525,2063.320068,3.601099968,318.144989,Managed,1,1
2023,8,4,FH,5.013772802,542631.1271,2279807.222,25,29.78754089,22.76,8,1.88758247,12.1475,87.8525,2063.320068,3.601099968,318.144989,Managed,2,1
2023,9,1,L,1.393864537,541919.7485,2279572.265,10,10.89944155,9.48,4,1.08167293,14.525,85.475,2048.959961,14.66790009,142.8739929,Managed,1,1
2023,9,1,FH,2.126203522,541919.7485,2279572.265,10,10.89944155,9.48,4,1.08167293,14.525,85.475,2048.959961,14.66790009,142.8739929,Managed,2,1
2023,9,2,L,2.392005668,541929.2275,2279615.561,17,27.89636102,14.8,5,0.95266473,17.07,82.93,2055.469971,10.71549988,139.4109955,Managed,1,1
2023,9,2,FH,5.750452671,541929.2275,2279615.561,17,27.89636102,14.8,5,0.95266473,17.07,82.93,2055.469971,10.71549988,139.4109955,Managed,2,1
2023,9,3,L,1.914303732,541957.5235,2279549.56,10,15.24986015,10.95,5,0.94858712,10.23,89.77,2038.5,16.25469971,141.951004,Managed,1,1
2023,9,3,FH,3.136404176,541957.5235,2279549.56,10,15.24986015,10.95,5,0.94858712,10.23,89.77,2038.5,16.25469971,141.951004,Managed,2,1
2023,9,4,L,1.278475521,541879.1584,2279553.572,10,2.710860666,8.44,4,1.15534654,14.22,85.78,2048.959961,12.09599972,164.6889954,Managed,1,1
2023,9,4,FH,4.674379744,541879.1584,2279553.572,10,2.710860666,8.44,4,1.15534654,14.22,85.78,2048.959961,12.09599972,164.6889954,Managed,2,1
2023,10,1,L,3.108336936,542171.8052,2279569.349,29,30.6594271,25.51,5,1.05718492,13.2575,86.7425,2043.800049,11.36480045,307.79599,Managed,1,1
2023,10,1,FH,6.018777146,542171.8052,2279569.349,29,30.6594271,25.51,5,1.05718492,13.2575,86.7425,2043.800049,11.36480045,307.79599,Managed,2,1
2023,10,2,L,2.524926892,542172.21,2279616.053,29,33.98141,25.07,7,1.3853222,14.29,85.71,2038.369995,16.79439926,288.8739929,Managed,1,1
2023,10,2,FH,6.836538749,542172.21,2279616.053,29,33.98141,25.07,7,1.3853222,14.29,85.71,2038.369995,16.79439926,288.8739929,Managed,2,1
2023,10,3,L,2.990103627,542209.6988,2279541.001,29,37.77238949,26.52,6,1.29155838,14.4625,85.5375,2050.629883,9.098400116,290.7030029,Managed,1,1
2023,10,3,FH,7.9724885,542209.6988,2279541.001,29,37.77238949,26.52,6,1.29155838,14.4625,85.5375,2050.629883,9.098400116,290.7030029,Managed,2,1
2023,10,4,L,1.975773264,542126.9331,2279554.739,29,32.01000171,24.84,7,1.30679265,14.5375,85.4625,2036.51001,14.70049953,296.2600098,Managed,1,1
2023,10,4,FH,5.73569441,542126.9331,2279554.739,29,32.01000171,24.84,7,1.30679265,14.5375,85.4625,2036.51001,14.70049953,296.2600098,Managed,2,1
2023,11,1,L,2.386159636,542424.9741,2279580.051,28,22.79111195,24,7,1.52855531,13.86,86.14,2063.469971,1.121199965,253.8480072,Managed,1,1
2023,11,1,FH,3.83546081,542424.9741,2279580.051,28,22.79111195,24,7,1.52855531,13.86,86.14,2063.469971,1.121199965,253.8480072,Managed,2,1
2023,11,2,L,3.368436123,542434.0504,2279617.149,28,31.91942566,24.61,4,0.90949305,13.9625,86.0375,2063.540039,1.437999964,295.8919983,Managed,1,1
2023,11,2,FH,5.984763896,542434.0504,2279617.149,28,31.91942566,24.61,4,0.90949305,13.9625,86.0375,2063.540039,1.437999964,295.8919983,Managed,2,1
2023,11,3,L,4.250665113,542462.3496,2279550.707,28,30.32249521,24.64,7,1.3547025,15.45,84.55,2064.379883,2.051500082,277.0859985,Managed,1,1
2023,11,3,FH,10.48210959,542462.3496,2279550.707,28,30.32249521,24.64,7,1.3547025,15.45,84.55,2064.379883,2.051500082,277.0859985,Managed,2,1
2023,11,4,L,3.184759509,542375.2128,2279562.33,28,28.43477109,24.28,7,1.33752645,13.0225,86.9775,2061.810059,0.981599987,145.4490051,Managed,1,1
2023,11,4,FH,5.32122346,542375.2128,2279562.33,28,28.43477109,24.28,7,1.33752645,13.0225,86.9775,2061.810059,0.981599987,145.4490051,Managed,2,1
2023,12,3,L,2.136522173,542706.5997,2279544.79,25,32.27314936,19.59,3,0.71173661,13.21,86.79,2063.090088,10.94299984,125.6790009,Managed,1,1
2023,12,3,FH,7.410636884,542706.5997,2279544.79,25,32.27314936,19.59,3,0.71173661,13.21,86.79,2063.090088,10.94299984,125.6790009,Managed,2,1
2023,12,4,L,2.522477668,542625.9192,2279557.868,25,32.17909793,19.99,6,0.90237193,16.455,83.545,2067.310059,4.919300079,207.503006,Managed,1,1
2023,12,4,FH,8.204181179,542625.9192,2279557.868,25,32.17909793,19.99,6,0.90237193,16.455,83.545,2067.310059,4.919300079,207.503006,Managed,2,1
2023,13,1,L,1.865168253,541914.8537,2279318.375,29,23.67792858,26.68,4,1.02362368,13.38,86.62,2019.089966,5.627900124,248.1380005,Managed,1,1
2023,13,1,FH,7.25184156,541914.8537,2279318.375,29,23.67792858,26.68,4,1.02362368,13.38,86.62,2019.089966,5.627900124,248.1380005,Managed,2,1
2023,13,2,L,2.978689973,541931.7289,2279362.464,29,26.79105055,25.46,11,2.0043051,4.7225,95.2775,2020.839966,8.326899529,303.3120117,Managed,1,1
2023,13,2,FH,6.927541838,541931.7289,2279362.464,29,26.79105055,25.46,11,2.0043051,4.7225,95.2775,2020.839966,8.326899529,303.3120117,Managed,2,1
2023,13,3,L,2.263791008,541957.6316,2279295.351,29,29.86994879,25.32,8,1.29310134,18.835,81.165,2025.099976,14.27799988,284.5400085,Managed,1,1
2023,13,3,FH,7.807052834,541957.6316,2279295.351,29,29.86994879,25.32,8,1.29310134,18.835,81.165,2025.099976,14.27799988,284.5400085,Managed,2,1
2023,14,1,L,2.701076303,542170.9654,2279320.449,29,26.79604568,25.05,6,1.1407264,13.955,86.045,2053.27002,1.983199954,244.3930054,Managed,1,1
2023,14,1,FH,5.947027784,542170.9654,2279320.449,29,26.79604568,25.05,6,1.1407264,13.955,86.045,2053.27002,1.983199954,244.3930054,Managed,2,1
2023,14,2,L,2.309013156,542176.3857,2279361.521,29,28.49685682,27.59,5,1.21726968,14.6625,85.3375,2052.560059,8.315299988,305.0490112,Managed,1,1
2023,14,2,FH,5.759278702,542176.3857,2279361.521,29,28.49685682,27.59,5,1.21726968,14.6625,85.3375,2052.560059,8.315299988,305.0490112,Managed,2,1
2023,14,3,L,2.771373965,542199.9902,2279297.169,29,28.55666489,24.13,3,0.83002824,13.2275,86.7725,2053.840088,1.633000016,182.0119934,Managed,1,1
2023,14,3,FH,4.540156817,542199.9902,2279297.169,29,28.55666489,24.13,3,0.83002824,13.2275,86.7725,2053.840088,1.633000016,182.0119934,Managed,2,1
2023,14,4,L,3.28213248,542130.4734,2279304.079,29,30.97792962,24.63,6,1.18433367,13.665,86.335,2051.719971,5.463600159,317.3169861,Managed,1,1
2023,14,4,FH,4.796486739,542130.4734,2279304.079,29,30.97792962,24.63,6,1.18433367,13.665,86.335,2051.719971,5.463600159,317.3169861,Managed,2,1
2023,15,1,L,2.426911696,542423.0351,2279313.884,28,23.61960491,25.03,6,1.31994432,14.5025,85.4975,2030.400024,10.74380016,128.4089966,Managed,1,1
2023,15,1,FH,6.439299582,542423.0351,2279313.884,28,23.61960491,25.03,6,1.31994432,14.5025,85.4975,2030.400024,10.74380016,128.4089966,Managed,2,1
2023,15,2,L,2.060603294,542421.8508,2279370.766,28,25.2813582,21.86,6,1.1313466,12.5325,87.4675,2041.73999,13.54930019,197.9680023,Managed,1,1
2023,15,2,FH,4.467077178,542421.8508,2279370.766,28,25.2813582,21.86,6,1.1313466,12.5325,87.4675,2041.73999,13.54930019,197.9680023,Managed,2,1
2023,15,3,L,1.1311344,542463.0325,2279278.016,27,16.87657683,21.94,5,1.12889121,15.805,84.195,2026.630005,15.3458004,227.6139984,Managed,1,1
2023,15,3,FH,6.112092568,542463.0325,2279278.016,27,16.87657683,21.94,5,1.12889121,15.805,84.195,2026.630005,15.3458004,227.6139984,Managed,2,1
2023,15,4,L,2.784407414,542380.7608,2279301.936,28,23.13040788,21.33,4,0.99765134,13.0175,86.9825,2039.449951,10.0642004,96.49639893,Managed,1,1
2023,15,4,FH,4.736530739,542380.7608,2279301.936,28,23.13040788,21.33,4,0.99765134,13.0175,86.9825,2039.449951,10.0642004,96.49639893,Managed,2,1
2023,16,1,L,1.647411151,542667.9689,2279327.447,14,18.66036528,16.39,9,1.6758903,12.235,87.765,2014.099976,11.94999981,36.4178009,Managed,1,1
2023,16,1,FH,4.58438332,542667.9689,2279327.447,14,18.66036528,16.39,9,1.6758903,12.235,87.765,2014.099976,11.94999981,36.4178009,Managed,2,1
2023,16,2,L,2.578770261,542670.2685,2279365.966,90,38.63467814,26.47,12,2.18641984,11.825,88.175,2007.920044,20.39279938,106.2460022,Unmanaged,1,2
2023,16,2,FH,4.437514053,542670.2685,2279365.966,90,38.63467814,26.47,12,2.18641984,11.825,88.175,2007.920044,20.39279938,106.2460022,Unmanaged,2,2
2023,16,3,L,2.079845291,542706.7942,2279302.09,14,31.6109998,16.66,6,0.73434134,11.3725,88.6275,2012.72998,28.10370064,342.446991,Managed,1,1
2023,16,3,FH,3.14613243,542706.7942,2279302.09,14,31.6109998,16.66,6,0.73434134,11.3725,88.6275,2012.72998,28.10370064,342.446991,Managed,2,1
2023,16,4,L,3.245152974,542627.491,2279305.654,14,20.74959116,16.68,9,1.68334111,12.245,87.755,2022.579956,17.32559967,24.35560036,Managed,1,1
2023,16,4,FH,5.163091614,542627.491,2279305.654,14,20.74959116,16.68,9,1.68334111,12.245,87.755,2022.579956,17.32559967,24.35560036,Managed,2,1
2023,17,1,L,1.950987405,541924.1212,2279067.951,24,26.00656737,22.51,8,1.4208576,10.85,89.15,2011.23999,13.14550018,233.6640015,Managed,1,1
2023,17,1,FH,5.213892157,541924.1212,2279067.951,24,26.00656737,22.51,8,1.4208576,10.85,89.15,2011.23999,13.14550018,233.6640015,Managed,2,1
2023,17,2,L,2.100955331,541931.8137,2279117.439,24,33.5068528,24.92,8,1.53438615,11.8875,88.1125,2019.650024,11.77089977,287.605011,Managed,1,1
2023,17,2,FH,7.40318051,541931.8137,2279117.439,24,33.5068528,24.92,8,1.53438615,11.8875,88.1125,2019.650024,11.77089977,287.605011,Managed,2,1
2023,17,3,L,2.323308337,541951.1904,2279034.927,24,28.87212006,20.73,8,1.74475039,13.1775,86.8225,2015.589966,27.5855999,204.7369995,Managed,1,1
2023,17,3,FH,5.632156258,541951.1904,2279034.927,24,28.87212006,20.73,8,1.74475039,13.1775,86.8225,2015.589966,27.5855999,204.7369995,Managed,2,1
2023,17,4,L,2.474535133,541875.6091,2279049.902,90,46.09509675,25.57,6,1.61922625,14.395,85.605,2026.819946,23.27280045,43.98920059,Unmanaged,1,2
2023,17,4,FH,5.267351439,541875.6091,2279049.902,90,46.09509675,25.57,6,1.61922625,14.395,85.605,2026.819946,23.27280045,43.98920059,Unmanaged,2,2
2023,18,1,L,3.385769239,542171.9902,2279075.98,24,24.9663075,21.74,9,1.49710797,12.4925,87.5075,2048.780029,5.495800018,106.737999,Managed,1,1
2023,18,1,FH,6.064778782,542171.9902,2279075.98,24,24.9663075,21.74,9,1.49710797,12.4925,87.5075,2048.780029,5.495800018,106.737999,Managed,2,1
2023,18,2,L,3.260866428,542179.9855,2279129.122,26,33.38205303,20.08,4,0.99935161,18.8125,81.1875,2049.590088,7.097300053,105.5599976,Managed,1,1
2023,18,2,FH,8.225544813,542179.9855,2279129.122,26,33.38205303,20.08,4,0.99935161,18.8125,81.1875,2049.590088,7.097300053,105.5599976,Managed,2,1
2023,18,3,L,3.398047488,542206.5552,2279045.742,24,25.0636851,17.98,6,1.31257665,13.3275,86.6725,2043.23999,9.595899582,95.79329681,Managed,1,1
2023,18,3,FH,4.855367262,542206.5552,2279045.742,24,25.0636851,17.98,6,1.31257665,13.3275,86.6725,2043.23999,9.595899582,95.79329681,Managed,2,1
2023,18,4,L,2.565697472,542129.5111,2279062.262,24,31.76756893,19.38,6,1.05429215,13.1475,86.8525,2049.080078,6.019299984,183.4909973,Managed,1,1
2023,18,4,FH,5.859378332,542129.5111,2279062.262,24,31.76756893,19.38,6,1.05429215,13.1475,86.8525,2049.080078,6.019299984,183.4909973,Managed,2,1
2023,19,2,L,2.784129065,542437.1507,2279127.771,27,28.40439582,26.78,6,1.40885357,15.6825,84.3175,2013.689941,16.40559959,272.6659851,Managed,1,1
2023,19,2,FH,5.180868851,542437.1507,2279127.771,27,28.40439582,26.78,6,1.40885357,15.6825,84.3175,2013.689941,16.40559959,272.6659851,Managed,2,1
2023,19,3,L,3.371087452,542460.1606,2279051.688,25,30.64024767,19.83,7,1.17758972,13.625,86.375,2015.449951,12.1967001,244.6900024,Managed,1,1
2023,19,3,FH,4.667127646,542460.1606,2279051.688,25,30.64024767,19.83,7,1.17758972,13.625,86.375,2015.449951,12.1967001,244.6900024,Managed,2,1
2023,19,4,L,3.260001313,542377.0004,2279055.464,25,37.20639231,21.59,10,1.51575427,13,87,2017.650024,9.107000351,131.6909943,Managed,1,1
2023,19,4,FH,4.371409973,542377.0004,2279055.464,25,37.20639231,21.59,10,1.51575427,13,87,2017.650024,9.107000351,131.6909943,Managed,2,1
2023,21,1,L,1.429379765,543290.5503,2279448.992,25,17.28738719,22.47,8,1.59428141,14.6875,85.3125,1991.839966,29.57799912,298.4949951,Managed,1,1
2023,21,1,FH,3.837315625,543290.5503,2279448.992,25,17.28738719,22.47,8,1.59428141,14.6875,85.3125,1991.839966,29.57799912,298.4949951,Managed,2,1
2023,21,2,L,1.766997889,543298.5617,2279494.387,25,22.74035952,21.78,5,1.13803857,17.79,82.21,1989.420044,15.71539974,300.7630005,Managed,1,1
2023,21,2,FH,6.501691719,543298.5617,2279494.387,25,22.74035952,21.78,5,1.13803857,17.79,82.21,1989.420044,15.71539974,300.7630005,Managed,2,1
2023,21,3,L,1.392687242,543329.6984,2279419.875,25,17.5760328,21.73,6,1.33271031,15.1425,84.8575,2005.569946,11.02639961,290.1579895,Managed,1,1
2023,21,3,FH,5.326049563,543329.6984,2279419.875,25,17.5760328,21.73,6,1.33271031,15.1425,84.8575,2005.569946,11.02639961,290.1579895,Managed,2,1
2023,21,4,L,1.158544873,543250.9979,2279432.401,25,20.97156431,20,10,1.82920766,16.0325,83.9675,1983.27002,28.09420013,258.4500122,Managed,1,1
2023,21,4,FH,3.855554825,543250.9979,2279432.401,25,20.97156431,20,10,1.82920766,16.0325,83.9675,1983.27002,28.09420013,258.4500122,Managed,2,1
2023,22,1,L,4.374158076,541294.9172,2278447.317,26,19.93922126,24.6,5,1.16838788,13.6825,86.3175,2016.310059,37.89820099,93.39379883,Managed,1,1
2023,22,1,FH,14.32103767,541294.9172,2278447.317,26,19.93922126,24.6,5,1.16838788,13.6825,86.3175,2016.310059,37.89820099,93.39379883,Managed,2,1
2023,22,2,L,2.605413576,541296.2575,2278496.015,13,10.9153066,8.02,7,1.46686806,25.86,74.14,2033.880005,18.61910057,154.3849945,Managed,1,1
2023,22,2,FH,1.2418589,541296.2575,2278496.015,13,10.9153066,8.02,7,1.46686806,25.86,74.14,2033.880005,18.61910057,154.3849945,Managed,2,1
2023,22,3,L,3.848116129,541327.0763,2278420.724,26,23.00778759,21.09,7,1.63680301,14.775,85.225,2014.160034,27.39229965,251.8619995,Managed,1,1
2023,22,3,FH,5.238323504,541327.0763,2278420.724,26,23.00778759,21.09,7,1.63680301,14.775,85.225,2014.160034,27.39229965,251.8619995,Managed,2,1
2023,22,4,L,3.308263074,541256.9193,2278432.505,26,23.73781519,14.52,7,1.64831718,21.68,78.32,2026.77002,18.3743,218.8939972,Managed,1,1
2023,22,4,FH,6.239291704,541256.9193,2278432.505,26,23.73781519,14.52,7,1.64831718,21.68,78.32,2026.77002,18.3743,218.8939972,Managed,2,1
2023,23,1,L,1.592100058,542297.5534,2278447.684,90,31.21486853,25.3,7,1.64335919,16.215,83.785,1988.300049,4.378900051,150.8769989,Unmanaged,1,2
2023,23,1,FH,4.670372033,542297.5534,2278447.684,90,31.21486853,25.3,7,1.64335919,16.215,83.785,1988.300049,4.378900051,150.8769989,Unmanaged,2,2
2023,23,2,L,1.757718473,542304.4293,2278490.088,90,29.58408349,20.65,11,1.69050534,11.7,88.3,1991.560059,6.904099941,170.2140045,Unmanaged,1,2
2023,23,2,FH,2.961886798,542304.4293,2278490.088,90,29.58408349,20.65,11,1.69050534,11.7,88.3,1991.560059,6.904099941,170.2140045,Unmanaged,2,2
2023,23,3,L,1.934444021,542333.1686,2278414.794,90,38.3168864,24.61,9,1.80060003,13.985,86.015,1984.349976,4.73029995,133.2660065,Unmanaged,1,2
2023,23,3,FH,4.270871231,542333.1686,2278414.794,90,38.3168864,24.61,9,1.80060003,13.985,86.015,1984.349976,4.73029995,133.2660065,Unmanaged,2,2
2023,23,4,L,1.536506236,542255.8178,2278427.77,90,34.60544811,21.01,9,1.76907677,12.42,87.58,1987.27002,5.452300072,173.7669983,Unmanaged,1,2
2023,23,4,FH,2.981371038,542255.8178,2278427.77,90,34.60544811,21.01,9,1.76907677,12.42,87.58,1987.27002,5.452300072,173.7669983,Unmanaged,2,2
2023,24,1,L,1.820962287,543296.4319,2278451.09,90,17.61026438,20.82,10,1.86891674,18.225,81.775,1950.079956,26.06780052,139.6399994,Unmanaged,1,2
2023,24,1,FH,8.309340288,543296.4319,2278451.09,90,17.61026438,20.82,10,1.86891674,18.225,81.775,1950.079956,26.06780052,139.6399994,Unmanaged,2,2
2023,24,2,L,2.274417135,543300.692,2278496.697,90,37.37503693,17.92,9,1.6061473,25.5375,74.4625,1952.810059,21.46859932,78.32769775,Unmanaged,1,2
2023,24,2,FH,5.48620842,543300.692,2278496.697,90,37.37503693,17.92,9,1.6061473,25.5375,74.4625,1952.810059,21.46859932,78.32769775,Unmanaged,2,2
2023,24,3,L,2.977669478,543292.8958,2278407.587,28,24.73222744,16.05,11,1.72915901,18.2425,81.7575,1941.420044,25.11709976,126.3040009,Managed,1,1
2023,24,3,FH,1.453555247,543292.8958,2278407.587,28,24.73222744,16.05,11,1.72915901,18.2425,81.7575,1941.420044,25.11709976,126.3040009,Managed,2,1
2023,24,4,L,2.044028977,543250.7318,2278433.487,28,10.22625715,15.11,9,1.8843894,26.64,73.36,1958,3.878299952,109.0970001,Managed,1,1
2023,24,4,FH,4.386346454,543250.7318,2278433.487,28,10.22625715,15.11,9,1.8843894,26.64,73.36,1958,3.878299952,109.0970001,Managed,2,1
2023,25,1,L,4.095386553,541745,2278549,41,14.05954321,15.82,5,1.47876716,17.0125,82.9875,2039.72998,21.96769905,273.8630066,Managed,1,1
2023,25,1,FH,3.396603243,541745,2278549,41,14.05954321,15.82,5,1.47876716,17.0125,82.9875,2039.72998,21.96769905,273.8630066,Managed,2,1
2023,25,2,L,1.450831878,541753,2278593,41,18.32255375,18.65,5,1.20204456,20.1325,79.8675,2038.939941,4.15019989,283.375,Managed,1,1
2023,25,2,FH,2.709880193,541753,2278593,41,18.32255375,18.65,5,1.20204456,20.1325,79.8675,2038.939941,4.15019989,283.375,Managed,2,1
2023,25,3,L,1.555730374,541782,2278522,41,22.02872988,17.32,6,1.42438539,18.98,81.02,2043.130005,4.426000118,115.1220016,Managed,1,1
2023,25,3,FH,5.407766177,541782,2278522,41,22.02872988,17.32,6,1.42438539,18.98,81.02,2043.130005,4.426000118,115.1220016,Managed,2,1
2023,25,4,L,2.601391638,541704,2278537,41,22.78911311,23.06,7,1.66977499,15.7,84.3,2021.199951,28.39970016,266.0650024,Managed,1,1
2023,25,4,FH,7.033999644,541704,2278537,41,22.78911311,23.06,7,1.66977499,15.7,84.3,2021.199951,28.39970016,266.0650024,Managed,2,1
2023,26,1,L,1.112150903,541414,2280251,40,26.42157176,28.55,11,1.61213959,19.33,80.67,2083.620117,3.347899914,334.9639893,Managed,1,1
2023,26,1,FH,1.059145824,541414,2280251,40,26.42157176,28.55,11,1.61213959,19.33,80.67,2083.620117,3.347899914,334.9639893,Managed,2,1
2023,26,2,L,1.056526358,541416,2280298,40,27.86789033,27.67,9,2.0015593,15.8,84.2,2078.610107,11.91569996,336.3590088,Managed,1,1
2023,26,2,FH,1.589468033,541416,2280298,40,27.86789033,27.67,9,2.0015593,15.8,84.2,2078.610107,11.91569996,336.3590088,Managed,2,1
2023,26,3,L,0.936879185,541451,2280229,40,23.24953315,21.81,11,2.20636041,14.9575,85.0425,2084.389893,3.124700069,347.7349854,Managed,1,1
2023,26,3,FH,1.010561428,541451,2280229,40,23.24953315,21.81,11,2.20636041,14.9575,85.0425,2084.389893,3.124700069,347.7349854,Managed,2,1
2023,26,4,L,0.804175884,541370,2280241,40,30.6397568,24.94,11,2.09523786,14.0775,85.9225,2083.51001,5.567299843,3.02940011,Managed,1,1
2023,26,4,FH,1.374629693,541370,2280241,40,30.6397568,24.94,11,2.09523786,14.0775,85.9225,2083.51001,5.567299843,3.02940011,Managed,2,1
2023,27,1,L,1.445907936,541708,2280185,38,21.99050848,29.33,6,1.42145687,15.3425,84.6575,2086.469971,4.26789999,286.223999,Managed,1,1
2023,27,1,FH,3.49354397,541708,2280185,38,21.99050848,29.33,6,1.42145687,15.3425,84.6575,2086.469971,4.26789999,286.223999,Managed,2,1
2023,27,2,L,2.502254903,541708,2280230,38,36.0771861,30.33,10,1.73694566,13.78,86.22,2086.26001,2.898200035,245.7709961,Managed,1,1
2023,27,2,FH,4.691429916,541708,2280230,38,36.0771861,30.33,10,1.73694566,13.78,86.22,2086.26001,2.898200035,245.7709961,Managed,2,1
2023,27,3,L,1.323557047,541743,2280163,38,17.23982348,21.13,5,1.24685352,13.715,86.285,2089.610107,1.667999983,16.61179924,Managed,1,1
2023,27,3,FH,2.305607644,541743,2280163,38,17.23982348,21.13,5,1.24685352,13.715,86.285,2089.610107,1.667999983,16.61179924,Managed,2,1
2023,27,4,L,2.00314026,541668,2280161,38,30.61613595,28.84,7,1.56754555,16.4825,83.5175,2085.669922,1.716300011,217.7850037,Managed,1,1
2023,27,4,FH,3.327600432,541668,2280161,38,30.61613595,28.84,7,1.56754555,16.4825,83.5175,2085.669922,1.716300011,217.7850037,Managed,2,1
2023,28,1,L,1.29634729,541280,2279785,37,20.4561507,27.32,7,1.43495391,15.4725,84.5275,2085.600098,10.70250034,211.5359955,Managed,1,1
2023,28,1,FH,3.65733034,541280,2279785,37,20.4561507,27.32,7,1.43495391,15.4725,84.5275,2085.600098,10.70250034,211.5359955,Managed,2,1
2023,28,2,L,1.825457357,541282,2279830,37,25.257541,28.47,5,1.35059073,11.025,88.975,2091.870117,4.614099979,209.1860046,Managed,1,1
2023,28,2,FH,5.904509525,541282,2279830,37,25.257541,28.47,5,1.35059073,11.025,88.975,2091.870117,4.614099979,209.1860046,Managed,2,1
2023,28,3,L,2.023620403,541316,2279760,37,31.01757259,24.83,6,1.14822008,16.7075,83.2925,2085.909912,8.045800209,217.2299957,Managed,1,1
2023,28,3,FH,4.599490002,541316,2279760,37,31.01757259,24.83,6,1.14822008,16.7075,83.2925,2085.909912,8.045800209,217.2299957,Managed,2,1
2023,28,4,L,1.619497933,541242,2279766,37,27.72017657,24.66,9,1.91118996,15.8675,84.1325,2079.01001,7.851500034,206.4060059,Managed,1,1
2023,28,4,FH,7.86710426,541242,2279766,37,27.72017657,24.66,9,1.91118996,15.8675,84.1325,2079.01001,7.851500034,206.4060059,Managed,2,1
2023,29,1,L,3.28962693,542042,2280352,36,21.0106418,26.9,7,1.57408305,12.3925,87.6075,2039.839966,15.87119961,48.52640152,Managed,1,1
2023,29,1,FH,3.17349954,542042,2280352,36,21.0106418,26.9,7,1.57408305,12.3925,87.6075,2039.839966,15.87119961,48.52640152,Managed,2,1
2023,29,2,L,4.005174365,542053,2280389,36,24.39853139,26.88,9,1.92682632,14.545,85.455,2030.569946,15.60910034,43.48630142,Managed,1,1
2023,29,2,FH,2.593649851,542053,2280389,36,24.39853139,26.88,9,1.92682632,14.545,85.455,2030.569946,15.60910034,43.48630142,Managed,2,1
2023,29,3,L,2.946963309,542087,2280316,36,30.60203805,26.78,5,1.21053676,12.635,87.365,2037.849976,13.15569973,58.92179871,Managed,1,1
2023,29,3,FH,5.839893195,542087,2280316,36,30.60203805,26.78,5,1.21053676,12.635,87.365,2037.849976,13.15569973,58.92179871,Managed,2,1
2023,29,4,L,4.865552202,542008,2280320,36,18.77392208,25.09,4,1.32347574,12.5575,87.4425,2047.040039,14.00819969,38.46580124,Managed,1,1
2023,29,4,FH,5.865850456,542008,2280320,36,18.77392208,25.09,4,1.32347574,12.5575,87.4425,2047.040039,14.00819969,38.46580124,Managed,2,1
2023,30,2,L,3.032331166,542146,2279941,35,20.93402228,22.36,7,1.69786712,20.8375,79.1625,2054.100098,8.336000443,73.92350006,Managed,1,1
2023,30,2,FH,6.771390218,542146,2279941,35,20.93402228,22.36,7,1.69786712,20.8375,79.1625,2054.100098,8.336000443,73.92350006,Managed,2,1
2023,30,3,L,1.895607156,542177,2279873,35,24.09672251,24.37,5,1.14523845,26.03,73.97,2055.669922,3.064699888,176.548996,Managed,1,1
2023,30,3,FH,9.076437785,542177,2279873,35,24.09672251,24.37,5,1.14523845,26.03,73.97,2055.669922,3.064699888,176.548996,Managed,2,1
2023,30,4,L,2.539558234,542094,2279894,35,19.82824057,24.94,5,1.40881311,23.225,76.775,2059.840088,5.53550005,72.31359863,Managed,1,1
2023,30,4,FH,11.01861128,542094,2279894,35,19.82824057,24.94,5,1.40881311,23.225,76.775,2059.840088,5.53550005,72.31359863,Managed,2,1
2023,31,1,L,1.831187309,542296.5836,2279690.711,30,31.83673894,26.66,6,0.92606389,16.07,83.93,2052.419922,9.489700317,257.5589905,Managed,1,1
2023,31,1,FH,3.824509476,542296.5836,2279690.711,30,31.83673894,26.66,6,0.92606389,16.07,83.93,2052.419922,9.489700317,257.5589905,Managed,2,1
2023,31,2,L,2.400366631,542305.1667,2279730.697,30,28.91900833,23.92,7,1.38314759,13.5025,86.4975,2055.459961,5.178599834,248.2100067,Managed,1,1
2023,31,2,FH,3.238261686,542305.1667,2279730.697,30,28.91900833,23.92,7,1.38314759,13.5025,86.4975,2055.459961,5.178599834,248.2100067,Managed,2,1
2023,31,3,L,0.856060219,542340.0747,2279660.078,30,29.22643281,25.79,6,1.30990154,17.6,82.4,2057.530029,5.89139986,288.9710083,Managed,1,1
2023,31,3,FH,2.889997217,542340.0747,2279660.078,30,29.22643281,25.79,6,1.30990154,17.6,82.4,2057.530029,5.89139986,288.9710083,Managed,2,1
2023,31,4,L,1.572342288,542261.9134,2279666.031,30,37.42239644,25.16,6,1.49105263,18.68,81.32,2046.939941,14.42990017,281.1239929,Managed,1,1
2023,31,4,FH,2.645348218,542261.9134,2279666.031,30,37.42239644,25.16,6,1.49105263,18.68,81.32,2046.939941,14.42990017,281.1239929,Managed,2,1
2023,32,1,L,2.168387803,542490,2279191,27,24.69434375,21.18,4,1.0793947,16.2625,86.9675,2026.51001,7.222300053,272.1419983,Managed,1,1
2023,32,1,FH,5.650271111,542490,2279191,27,24.69434375,21.18,4,1.0793947,16.2625,86.9675,2026.51001,7.222300053,272.1419983,Managed,2,1
2023,32,2,L,2.362972262,542491,2279236,27,19.69974943,19.84,5,1.28471874,17.1,82.9,2027.810059,8.164600372,248.6549988,Managed,1,1
2023,32,2,FH,3.726452482,542491,2279236,27,19.69974943,19.84,5,1.28471874,17.1,82.9,2027.810059,8.164600372,248.6549988,Managed,2,1
2023,32,3,L,2.326492077,542529,2279168,27,18.99754457,20.68,6,1.3337991,20.6975,79.3025,2029.48999,5.213600159,237.7389984,Managed,1,1
2023,32,3,FH,4.642160128,542529,2279168,27,18.99754457,20.68,6,1.3337991,20.6975,79.3025,2029.48999,5.213600159,237.7389984,Managed,2,1
2023,32,4,L,2.140861607,542451,2279168,27,10.94939288,22.11,4,1.10234527,16.135,83.865,2018.390015,11.79269981,248.6380005,Managed,1,1
2023,32,4,FH,2.776117749,542451,2279168,27,10.94939288,22.11,4,1.10234527,16.135,83.865,2018.390015,11.79269981,248.6380005,Managed,2,1
2023,33,1,L,2.594102278,542086.5368,2279206.138,26,23.88526584,23.08,7,1.13280758,13.265,86.735,2054.209961,2.330800056,329.4660034,Managed,1,1
2023,33,1,FH,7.1975122,542086.5368,2279206.138,26,23.88526584,23.08,7,1.13280758,13.265,86.735,2054.209961,2.330800056,329.4660034,Managed,2,1
2023,33,2,L,3.613824245,542090.8991,2279253.737,26,31.26293097,22.69,5,1.25474431,12.9275,87.0725,2051.219971,8.651399612,268.473999,Managed,1,1
2023,33,2,FH,5.043189543,542090.8991,2279253.737,26,31.26293097,22.69,5,1.25474431,12.9275,87.0725,2051.219971,8.651399612,268.473999,Managed,2,1
2023,33,3,L,2.98128507,542124.5322,2279179.007,26,32.97058293,21.51,7,1.23616234,15.9875,84.0125,2055.199951,1.824499965,67.7990036,Managed,1,1
2023,33,3,FH,8.43289335,542124.5322,2279179.007,26,32.97058293,21.51,7,1.23616234,15.9875,84.0125,2055.199951,1.824499965,67.7990036,Managed,2,1
2023,33,4,L,2.332381632,542046.7831,2279186.008,26,30.27802204,21.11,10,1.57651972,17.295,82.705,2050.570068,7.463799953,264.2349854,Managed,1,1
2023,33,4,FH,6.443261141,542046.7831,2279186.008,26,30.27802204,21.11,10,1.57651972,17.295,82.705,2050.570068,7.463799953,264.2349854,Managed,2,1
2023,34,1,L,1.970397801,542381,2278960,25,30.44780549,20.07,8,1.40325199,13.315,86.685,2015.550049,7.591199875,356.928009,Managed,1,1
2023,34,1,FH,5.347959315,542381,2278960,25,30.44780549,20.07,8,1.40325199,13.315,86.685,2015.550049,7.591199875,356.928009,Managed,2,1
2023,34,2,L,2.611961572,542387,2279009,25,0.592857804,7.722222222,5,1.52295507,12.5,87.5,2011.599976,16.61149979,134.3099976,Managed,1,1
2023,34,2,FH,6.107438228,542387,2279009,25,0.592857804,7.72,5,1.52295507,12.5,87.5,2011.599976,16.61149979,134.3099976,Managed,2,1
2023,34,3,L,2.11016602,542411,2278936,25,28.16477084,18.08,9,1.37510049,13.525,86.475,2013.140015,14.0394001,67.54000092,Managed,1,1
2023,34,3,FH,6.679289178,542411,2278936,25,28.16477084,18.08,9,1.37510049,13.525,86.475,2013.140015,14.0394001,67.54000092,Managed,2,1
2023,34,4,L,2.211564661,542344,2278943,25,24.20891664,24.64,8,1.60514763,16.67,83.33,2017.079956,6.994900227,41.92699814,Managed,1,1
2023,34,4,FH,7.031994243,542344,2278943,25,24.20891664,24.64,8,1.60514763,16.67,83.33,2017.079956,6.994900227,41.92699814,Managed,2,1
2023,35,1,L,2.841747522,542080.0246,2279017.096,24,26.96372603,16.4,7,1.43711157,19.9625,80.0375,2041.349976,9.18200016,243.1869965,Managed,1,1
2023,35,1,FH,7.94110362,542080.0246,2279017.096,24,26.96372603,16.4,7,1.43711157,19.9625,80.0375,2041.349976,9.18200016,243.1869965,Managed,2,1
2023,35,2,L,2.3325686,542082.9384,2279060.597,24,24.04722279,19.04,7,1.32462548,16.0225,83.9775,2045.209961,8.472900391,231.8220062,Managed,1,1
2023,35,2,FH,3.618879016,542082.9384,2279060.597,24,24.04722279,19.04,7,1.32462548,16.0225,83.9775,2045.209961,8.472900391,231.8220062,Managed,2,1
2023,35,3,L,2.044848,542114.9937,2278991.95,24,20.99642315,14.17,7,1.44231155,14.7575,85.2425,2043.140015,11.3100996,234.3339996,Managed,1,1
2023,35,3,FH,4.243799885,542114.9937,2278991.95,24,20.99642315,14.17,7,1.44231155,14.7575,85.2425,2043.140015,11.3100996,234.3339996,Managed,2,1
2023,35,4,L,2.2493328,542037.1376,2278999.725,24,27.75206374,20.57,7,1.55131835,15.5775,84.4225,2030.97998,12.22379971,237.4519959,Managed,1,1
2023,35,4,FH,6.10986776,542037.1376,2278999.725,24,27.75206374,20.57,7,1.55131835,15.5775,84.4225,2030.97998,12.22379971,237.4519959,Managed,2,1
2023,36,1,L,1.69585572,542515,2278749,22,22.76855924,18.52,6,0.96971647,13.9025,86.0975,2008.75,9.727999687,85.11470032,Managed,1,1
2023,36,1,FH,4.882774008,542515,2278749,22,22.76855924,18.52,6,0.96971647,13.9025,86.0975,2008.75,9.727999687,85.11470032,Managed,2,1
2023,36,2,L,2.026537669,542520,2278796,22,29.5030304,18.95,4,0.7078881,16.1025,83.8975,2006.439941,12.63899994,69.80020142,Managed,1,1
2023,36,2,FH,7.133862454,542520,2278796,22,29.5030304,18.95,4,0.7078881,16.1025,83.8975,2006.439941,12.63899994,69.80020142,Managed,2,1
2023,36,3,L,1.941933424,542554,2278726,22,35.01181312,19.02,4,0.69632541,13.4675,86.5325,2001.900024,11.38759995,97.0707016,Managed,1,1
2023,36,3,FH,6.425283126,542554,2278726,22,35.01181312,19.02,4,0.69632541,13.4675,86.5325,2001.900024,11.38759995,97.0707016,Managed,2,1
2023,37,1,L,1.545177817,541634,2279229,19,30.78511437,17.59,5,1.01383155,12.965,87.035,2028.180054,9.637999535,59.09130096,Managed,1,1
2023,37,1,FH,6.123329752,541634,2279229,19,30.78511437,17.59,5,1.01383155,12.965,87.035,2028.180054,9.637999535,59.09130096,Managed,2,1
2023,37,2,L,1.491517452,541637,2279286,19,26.47506523,16.72,5,0.83652765,13.9325,86.0675,2028.680054,4.854700089,149.1779938,Managed,1,1
2023,37,2,FH,4.876376691,541637,2279286,19,26.47506523,16.72,5,0.83652765,13.9325,86.0675,2028.680054,4.854700089,149.1779938,Managed,2,1
2023,37,3,L,1.36940286,541670,2279206,19,31.54600811,16.6,6,0.88181491,12.7225,87.2775,2025.890015,2.892499924,103.6669998,Managed,1,1
2023,37,3,FH,12.80428796,541670,2279206,19,31.54600811,16.6,6,0.88181491,12.7225,87.2775,2025.890015,2.892499924,103.6669998,Managed,2,1
2023,37,4,L,1.239509896,541591,2279214,19,28.81311702,15.59,7,1.18110242,12.7,87.3,2034.930054,6.442500114,73.57900238,Managed,1,1
2023,37,4,FH,3.159498002,541591,2279214,19,28.81311702,15.59,7,1.18110242,12.7,87.3,2034.930054,6.442500114,73.57900238,Managed,2,1
2023,38,2,L,2.140961785,541239,2279310,18,20.23621565,16.36,4,0.71977206,17.07,82.93,2058.050049,4.125400066,101.401001,Managed,1,1
2023,38,2,FH,6.203898003,541239,2279310,18,20.23621565,16.36,4,0.71977206,17.07,82.93,2058.050049,4.125400066,101.401001,Managed,2,1
2023,38,3,L,1.281112475,541275,2279237,18,23.6931653,15.47,5,0.77806179,14.49,85.51,2056.25,2.958699942,91.7594986,Managed,1,1
2023,38,3,FH,6.38173504,541275,2279237,18,23.6931653,15.47,5,0.77806179,14.49,85.51,2056.25,2.958699942,91.7594986,Managed,2,1
2023,38,4,L,1.498388613,541200,2279243,18,21.1801268,16.55,2,0.14250587,18.265,81.735,2057.469971,4.117300034,208.3029938,Managed,1,1
2023,38,4,FH,3.802930894,541200,2279243,18,21.1801268,16.55,2,0.14250587,18.265,81.735,2057.469971,4.117300034,208.3029938,Managed,2,1
2023,39,1,L,1.736870195,541978,2279702,17,19.55112854,17.82,7,1.24552035,17.695,82.305,2059.320068,10.0649004,137.3470001,Managed,1,1
2023,39,1,FH,6.372781213,541978,2279702,17,19.55112854,17.82,7,1.24552035,17.695,82.305,2059.320068,10.0649004,137.3470001,Managed,2,1
2023,39,2,L,2.324833637,541983,2279747,17,14.46850679,13.62,5,1.30574857,18.9075,81.0925,2063.149902,11.10359955,85.41929626,Managed,1,1
2023,39,2,FH,4.704764684,541983,2279747,17,14.46850679,13.62,5,1.30574857,18.9075,81.0925,2063.149902,11.10359955,85.41929626,Managed,2,1
2023,39,3,L,4.402214347,542014,2279672,17,23.20229145,16.15,4,1.192598,16.82,83.18,2049.370117,16.3239994,129.5339966,Managed,1,1
2023,39,3,FH,6.103638003,542014,2279672,17,23.20229145,16.15,4,1.192598,16.82,83.18,2049.370117,16.3239994,129.5339966,Managed,2,1
2023,39,4,L,2.696581617,541939,2279680,17,26.40031496,15.52,5,1.20443922,16.4875,83.5125,2062.689941,10.66670036,117.1460037,Managed,1,1
2023,39,4,FH,3.80652729,541939,2279680,17,26.40031496,15.52,5,1.20443922,16.4875,83.5125,2062.689941,10.66670036,117.1460037,Managed,2,1
2023,40,1,L,0.662031247,541437.3336,2279544.103,15,24.43617945,14.89,5,0.46615636,15.7475,84.2525,2072.610107,6.476200104,196.197998,Managed,1,1
2023,40,1,FH,3.810867282,541437.3336,2279544.103,15,24.43617945,14.89,5,0.46615636,15.7475,84.2525,2072.610107,6.476200104,196.197998,Managed,2,1
2023,40,2,L,2.337506937,541443.0095,2279590.229,15,33.42075352,15.01,1,0,11.63,88.37,2078.709961,9.78069973,200.7449951,Managed,1,1
2023,40,2,FH,7.041928598,541443.0095,2279590.229,15,33.42075352,15.01,1,0,11.63,88.37,2078.709961,9.78069973,200.7449951,Managed,2,1
2023,40,3,L,1.677697468,541477.9141,2279519.609,15,31.63326584,13.7,4,0.41571851,16.6325,83.3675,2070.790039,8.039099693,190.345993,Managed,1,1
2023,40,3,FH,7.428175597,541477.9141,2279519.609,15,31.63326584,13.7,4,0.41571851,16.6325,83.3675,2070.790039,8.039099693,190.345993,Managed,2,1
2023,40,4,L,2.056035551,541399.7451,2279528.64,15,34.51259441,16.36,3,0.11282728,14.55,85.45,2069.389893,6.970099926,196.2709961,Managed,1,1
2023,40,4,FH,8.006217437,541399.7451,2279528.64,15,34.51259441,16.36,3,0.11282728,14.55,85.45,2069.389893,6.970099926,196.2709961,Managed,2,1
2023,41,1,L,1.266342464,541926,2278717,90,33.0911926,23.16,8,1.70702168,20.35,79.65,2039.609985,8.347700119,113.4469986,Unmanaged,1,2
2023,41,1,FH,2.004134045,541926,2278717,90,33.0911926,23.16,8,1.70702168,20.35,79.65,2039.609985,8.347700119,113.4469986,Unmanaged,2,2
2023,41,2,L,1.522917031,541933,2278762,90,25.37236621,21.64,9,1.49216301,18.73,81.27,2038.579956,15.40030003,89.4489975,Unmanaged,1,2
2023,41,2,FH,3.504073252,541933,2278762,90,25.37236621,21.64,9,1.49216301,18.73,81.27,2038.579956,15.40030003,89.4489975,Unmanaged,2,2
2023,41,3,L,3.311705647,541968,2278692,90,30.91111187,22.66,10,1.93978769,17.9,82.1,2030.939941,10.24429989,90.69270325,Unmanaged,1,2
2023,41,3,FH,4.393196721,541968,2278692,90,30.91111187,22.66,10,1.93978769,17.9,82.1,2030.939941,10.24429989,90.69270325,Unmanaged,2,2
2023,41,4,L,1.675330028,541889,2278701,90,31.77925173,21.86,6,1.42201516,19.745,80.255,2042.060059,6.487800121,98.84860229,Unmanaged,1,2
2023,41,4,FH,3.267924827,541889,2278701,90,31.77925173,21.86,6,1.42201516,19.745,80.255,2042.060059,6.487800121,98.84860229,Unmanaged,2,2
